time,pwv_mean,pwv_max,zwd_mean,station
2019-01-01,7.38,8.51,49.10,bjfs
2019-01-02,7.80,9.54,51.94,bjfs
2019-01-03,6.48,7.75,43.11,bjfs
2019-01-04,4.98,6.57,33.17,bjfs
2019-01-05,6.19,7.89,41.16,bjfs
2019-01-06,5.52,7.75,36.75,bjfs
2019-01-07,5.51,7.51,36.68,bjfs
2019-01-08,5.64,7.10,37.51,bjfs
2019-01-09,5.22,7.04,34.75,bjfs
2019-01-10,4.23,5.87,28.15,bjfs
2019-01-11,3.02,4.93,20.07,bjfs
2019-01-12,,,,bjfs
2019-01-13,3.13,4.46,20.85,bjfs
2019-01-14,3.92,6.61,26.06,bjfs
2019-01-15,4.06,6.34,26.99,bjfs
2019-01-16,1.81,3.55,12.03,bjfs
2019-01-17,1.80,5.16,11.99,bjfs
2019-01-18,4.33,7.42,28.82,bjfs
2019-01-19,5.05,6.67,33.58,bjfs
2019-01-20,2.84,5.43,18.91,bjfs
2019-01-21,0.14,2.60,0.96,bjfs
2019-01-22,0.37,1.80,2.43,bjfs
2019-01-23,2.55,4.53,16.97,bjfs
2019-01-24,4.76,7.36,31.67,bjfs
2019-01-25,5.48,6.75,36.47,bjfs
2019-01-26,6.10,7.56,40.58,bjfs
2019-01-27,1.94,4.82,12.90,bjfs
2019-01-28,3.05,5.25,20.28,bjfs
2019-01-29,3.37,6.09,22.43,bjfs
2019-01-30,5.50,8.22,36.58,bjfs
2019-01-31,2.06,5.42,13.69,bjfs
2019-02-01,-1.14,2.02,-7.59,bjfs
2019-02-02,2.22,3.73,14.74,bjfs
2019-02-03,2.18,3.50,14.42,bjfs
2019-02-04,2.18,4.50,14.45,bjfs
2019-02-05,2.64,4.33,17.49,bjfs
2019-02-06,4.10,5.51,27.18,bjfs
2019-02-07,5.91,8.26,39.19,bjfs
2019-02-08,4.61,7.35,30.55,bjfs
2019-02-09,6.86,8.38,45.47,bjfs
2019-02-10,5.67,8.62,37.58,bjfs
2019-02-11,7.39,9.80,48.98,bjfs
2019-02-12,9.73,11.52,64.51,bjfs
2019-02-13,10.41,12.78,69.00,bjfs
2019-02-14,8.30,13.66,55.02,bjfs
2019-02-15,4.99,6.87,33.11,bjfs
2019-02-16,4.78,6.29,31.70,bjfs
2019-02-17,5.08,8.14,33.68,bjfs
2019-02-18,7.87,8.91,52.19,bjfs
2019-02-19,4.97,8.18,32.97,bjfs
2019-02-20,5.50,7.25,36.49,bjfs
2019-02-21,4.57,6.42,30.28,bjfs
2019-02-22,7.06,8.30,46.81,bjfs
2019-02-23,5.52,7.57,36.60,bjfs
2019-02-24,6.82,9.50,45.21,bjfs
2019-02-25,8.93,12.45,59.17,bjfs
2019-02-26,9.29,12.94,61.56,bjfs
2019-02-27,4.88,8.02,32.37,bjfs
2019-02-28,5.63,7.38,37.29,bjfs
2019-03-01,6.16,8.68,39.58,bjfs
2019-03-02,4.32,7.09,27.76,bjfs
2019-03-03,5.24,6.93,33.66,bjfs
2019-03-04,6.57,8.21,42.21,bjfs
2019-03-05,3.33,6.38,21.43,bjfs
2019-03-06,5.05,6.33,32.48,bjfs
2019-03-07,3.43,5.80,22.06,bjfs
2019-03-08,5.81,11.72,37.34,bjfs
2019-03-09,9.19,11.05,59.09,bjfs
2019-03-10,7.41,11.13,47.67,bjfs
2019-03-11,2.02,4.34,12.98,bjfs
2019-03-12,2.95,6.63,18.97,bjfs
2019-03-13,5.22,6.68,33.56,bjfs
2019-03-14,6.36,8.30,40.88,bjfs
2019-03-15,6.83,9.00,43.91,bjfs
2019-03-16,6.88,8.62,44.23,bjfs
2019-03-17,6.65,8.40,42.76,bjfs
2019-03-18,3.09,5.30,19.84,bjfs
2019-03-19,8.61,14.87,55.37,bjfs
2019-03-20,9.41,15.96,60.48,bjfs
2019-03-21,5.97,8.05,38.37,bjfs
2019-03-22,6.23,8.72,40.07,bjfs
2019-03-23,4.99,6.66,32.10,bjfs
2019-03-24,0.88,3.52,5.63,bjfs
2019-03-25,2.13,4.65,13.72,bjfs
2019-03-26,5.27,7.95,33.86,bjfs
2019-03-27,8.80,13.00,56.58,bjfs
2019-03-28,,,,bjfs
2019-03-29,5.48,10.22,35.25,bjfs
2019-03-30,6.65,8.56,42.78,bjfs
2019-03-31,7.69,9.56,49.41,bjfs
2019-04-01,9.37,11.05,59.10,bjfs
2019-04-02,8.77,11.57,55.34,bjfs
2019-04-03,7.38,11.13,46.58,bjfs
2019-04-04,4.48,9.16,28.25,bjfs
2019-04-05,8.01,10.07,50.52,bjfs
2019-04-06,7.60,10.32,47.96,bjfs
2019-04-07,10.60,14.16,66.87,bjfs
2019-04-08,16.24,23.38,102.48,bjfs
2019-04-09,15.72,22.56,99.19,bjfs
2019-04-10,11.17,14.51,70.45,bjfs
2019-04-11,11.18,14.08,70.55,bjfs
2019-04-12,12.34,15.04,77.86,bjfs
2019-04-13,9.01,14.35,56.87,bjfs
2019-04-14,5.81,7.98,36.63,bjfs
2019-04-15,7.98,11.68,50.33,bjfs
2019-04-16,12.56,15.92,79.27,bjfs
2019-04-17,13.02,16.72,82.14,bjfs
2019-04-18,17.27,22.57,108.97,bjfs
2019-04-19,25.51,31.07,160.96,bjfs
2019-04-20,20.68,32.48,130.49,bjfs
2019-04-21,,,,bjfs
2019-04-22,,,,bjfs
2019-04-23,23.33,29.25,147.20,bjfs
2019-04-24,25.79,33.34,162.70,bjfs
2019-04-25,16.70,20.68,105.37,bjfs
2019-04-26,15.94,24.96,100.59,bjfs
2019-04-27,22.92,28.24,144.63,bjfs
2019-04-28,23.49,26.63,148.22,bjfs
2019-04-29,15.35,24.02,96.82,bjfs
2019-04-30,6.24,8.27,39.39,bjfs
2019-05-01,6.00,8.37,37.05,bjfs
2019-05-02,8.46,11.05,52.23,bjfs
2019-05-03,15.94,20.15,98.45,bjfs
2019-05-04,21.63,27.74,133.58,bjfs
2019-05-05,11.43,14.65,70.57,bjfs
2019-05-06,8.88,11.33,54.83,bjfs
2019-05-07,8.63,12.76,53.29,bjfs
2019-05-08,11.36,17.45,70.13,bjfs
2019-05-09,9.67,13.57,59.70,bjfs
2019-05-10,17.67,27.28,109.11,bjfs
2019-05-11,25.38,31.67,156.76,bjfs
2019-05-12,15.30,30.88,94.47,bjfs
2019-05-13,7.99,9.29,49.32,bjfs
2019-05-14,14.06,21.70,86.86,bjfs
2019-05-15,19.34,24.77,119.42,bjfs
2019-05-16,17.09,23.79,105.56,bjfs
2019-05-17,30.94,39.26,191.07,bjfs
2019-05-18,34.05,40.31,210.28,bjfs
2019-05-19,9.27,22.18,57.25,bjfs
2019-05-20,8.31,10.24,51.31,bjfs
2019-05-21,8.30,12.30,51.28,bjfs
2019-05-22,12.03,14.75,74.27,bjfs
2019-05-23,12.13,16.10,74.90,bjfs
2019-05-24,18.48,26.62,114.12,bjfs
2019-05-25,29.61,41.58,182.88,bjfs
2019-05-26,24.31,44.60,150.14,bjfs
2019-05-27,12.32,14.37,76.12,bjfs
2019-05-28,12.98,15.18,80.19,bjfs
2019-05-29,17.15,22.61,105.90,bjfs
2019-05-30,11.44,23.46,70.66,bjfs
2019-05-31,13.09,21.89,80.84,bjfs
2019-06-01,26.25,29.24,160.06,bjfs
2019-06-02,23.11,29.11,140.89,bjfs
2019-06-03,21.03,32.24,128.19,bjfs
2019-06-04,,,,bjfs
2019-06-05,31.26,43.83,190.60,bjfs
2019-06-06,36.46,43.07,222.30,bjfs
2019-06-07,26.65,38.01,162.50,bjfs
2019-06-08,16.93,22.09,103.23,bjfs
2019-06-09,21.49,25.64,131.00,bjfs
2019-06-10,24.92,27.93,151.96,bjfs
2019-06-11,28.93,35.85,176.41,bjfs
2019-06-12,35.87,41.34,218.67,bjfs
2019-06-13,30.44,42.06,185.62,bjfs
2019-06-14,23.34,28.21,142.31,bjfs
2019-06-15,33.68,44.87,205.38,bjfs
2019-06-16,37.70,44.73,229.84,bjfs
2019-06-17,34.32,41.12,209.27,bjfs
2019-06-18,38.74,45.38,236.20,bjfs
2019-06-19,41.59,47.48,253.59,bjfs
2019-06-20,35.20,45.46,214.63,bjfs
2019-06-21,38.39,44.46,234.05,bjfs
2019-06-22,24.99,35.89,152.36,bjfs
2019-06-23,29.33,32.76,178.80,bjfs
2019-06-24,28.11,31.59,171.40,bjfs
2019-06-25,33.78,36.96,205.95,bjfs
2019-06-26,38.90,41.48,237.18,bjfs
2019-06-27,40.63,46.05,247.73,bjfs
2019-06-28,31.21,44.09,190.27,bjfs
2019-06-29,21.21,29.14,129.33,bjfs
2019-06-30,18.96,24.09,115.63,bjfs
2019-07-01,30.01,35.85,182.02,bjfs
2019-07-02,33.81,40.27,205.08,bjfs
2019-07-03,25.99,29.22,157.66,bjfs
2019-07-04,35.16,47.68,213.29,bjfs
2019-07-05,36.87,44.01,223.68,bjfs
2019-07-06,38.44,43.40,233.17,bjfs
2019-07-07,38.53,41.10,233.74,bjfs
2019-07-08,36.93,41.55,224.02,bjfs
2019-07-09,40.97,45.84,248.55,bjfs
2019-07-10,39.53,45.85,239.76,bjfs
2019-07-11,38.16,40.00,231.47,bjfs
2019-07-12,35.03,39.76,212.48,bjfs
2019-07-13,39.32,44.55,238.51,bjfs
2019-07-14,37.59,41.92,228.02,bjfs
2019-07-15,40.47,44.62,245.50,bjfs
2019-07-16,48.88,57.02,296.52,bjfs
2019-07-17,52.93,56.09,321.05,bjfs
2019-07-18,50.50,52.95,306.32,bjfs
2019-07-19,59.33,65.53,359.92,bjfs
2019-07-20,46.90,63.22,284.46,bjfs
2019-07-21,34.32,38.16,208.21,bjfs
2019-07-22,53.89,70.97,326.91,bjfs
2019-07-23,36.65,41.69,222.31,bjfs
2019-07-24,44.09,55.18,267.43,bjfs
2019-07-25,38.79,46.99,235.31,bjfs
2019-07-26,37.35,40.84,226.55,bjfs
2019-07-27,49.45,59.23,299.97,bjfs
2019-07-28,61.64,69.11,373.89,bjfs
2019-07-29,44.65,65.08,270.87,bjfs
2019-07-30,34.55,41.51,209.57,bjfs
2019-07-31,34.68,43.63,210.38,bjfs
2019-08-01,43.38,54.40,264.74,bjfs
2019-08-02,44.17,56.36,269.55,bjfs
2019-08-03,49.35,54.50,301.17,bjfs
2019-08-04,55.59,62.27,339.26,bjfs
2019-08-05,48.10,52.16,293.55,bjfs
2019-08-06,48.41,55.20,295.41,bjfs
2019-08-07,45.12,49.86,275.36,bjfs
2019-08-08,49.69,55.47,303.24,bjfs
2019-08-09,51.03,56.51,311.40,bjfs
2019-08-10,45.88,49.98,280.00,bjfs
2019-08-11,50.67,55.09,309.18,bjfs
2019-08-12,47.55,51.89,290.16,bjfs
2019-08-13,43.32,51.82,264.33,bjfs
2019-08-14,27.36,34.98,166.94,bjfs
2019-08-15,29.10,39.07,177.58,bjfs
2019-08-16,17.59,25.56,107.33,bjfs
2019-08-17,16.91,19.85,103.18,bjfs
2019-08-18,29.88,35.55,182.36,bjfs
2019-08-19,43.87,59.21,267.72,bjfs
2019-08-20,41.56,59.35,253.62,bjfs
2019-08-21,21.32,26.79,130.08,bjfs
2019-08-22,21.49,26.30,131.16,bjfs
2019-08-23,30.58,37.45,186.64,bjfs
2019-08-24,29.37,34.03,179.21,bjfs
2019-08-25,28.93,37.99,176.55,bjfs
2019-08-26,31.73,44.26,193.64,bjfs
2019-08-27,16.76,22.81,102.29,bjfs
2019-08-28,18.26,22.75,111.44,bjfs
2019-08-29,21.68,25.16,132.30,bjfs
2019-08-30,19.35,21.88,118.10,bjfs
2019-08-31,26.72,32.77,163.04,bjfs
2019-09-01,24.69,27.86,151.58,bjfs
2019-09-02,25.10,28.42,154.11,bjfs
2019-09-03,26.10,29.41,160.21,bjfs
2019-09-04,28.02,32.55,172.01,bjfs
2019-09-05,24.10,29.87,147.97,bjfs
2019-09-06,22.48,26.81,137.98,bjfs
2019-09-07,22.81,30.04,140.06,bjfs
2019-09-08,29.16,36.87,179.04,bjfs
2019-09-09,45.14,51.76,277.11,bjfs
2019-09-10,43.77,48.91,268.70,bjfs
2019-09-11,39.06,45.58,239.82,bjfs
2019-09-12,45.50,57.53,279.33,bjfs
2019-09-13,23.97,46.27,147.13,bjfs
2019-09-14,21.55,24.84,132.29,bjfs
2019-09-15,19.33,29.29,118.67,bjfs
2019-09-16,24.39,27.65,149.71,bjfs
2019-09-17,17.28,29.89,106.08,bjfs
2019-09-18,16.38,21.57,100.58,bjfs
2019-09-19,27.32,29.81,167.74,bjfs
2019-09-20,26.21,30.08,160.92,bjfs
2019-09-21,26.90,31.39,165.14,bjfs
2019-09-22,23.89,28.79,146.65,bjfs
2019-09-23,17.03,20.43,104.57,bjfs
2019-09-24,20.99,25.14,128.85,bjfs
2019-09-25,19.33,23.61,118.69,bjfs
2019-09-26,18.97,20.64,116.46,bjfs
2019-09-27,21.15,24.25,129.82,bjfs
2019-09-28,22.06,24.00,135.44,bjfs
2019-09-29,23.98,26.70,147.20,bjfs
2019-09-30,25.48,27.38,156.41,bjfs
2019-10-01,25.73,27.35,162.08,bjfs
2019-10-02,23.30,26.22,146.76,bjfs
2019-10-03,29.85,42.05,188.01,bjfs
2019-10-04,23.26,37.15,146.53,bjfs
2019-10-05,13.63,18.70,85.86,bjfs
2019-10-06,20.99,26.27,132.24,bjfs
2019-10-07,10.34,14.87,65.15,bjfs
2019-10-08,11.04,15.20,69.53,bjfs
2019-10-09,18.89,23.40,118.96,bjfs
2019-10-10,19.05,24.55,120.02,bjfs
2019-10-11,21.62,24.73,136.19,bjfs
2019-10-12,23.07,26.29,145.30,bjfs
2019-10-13,17.82,27.82,112.27,bjfs
2019-10-14,11.35,13.35,71.48,bjfs
2019-10-15,16.35,18.82,103.00,bjfs
2019-10-16,21.35,27.50,134.49,bjfs
2019-10-17,20.89,26.44,131.59,bjfs
2019-10-18,17.03,18.99,107.26,bjfs
2019-10-19,,,,bjfs
2019-10-20,8.66,11.46,54.56,bjfs
2019-10-21,,,,bjfs
2019-10-22,15.35,16.75,96.71,bjfs
2019-10-23,17.98,23.77,113.27,bjfs
2019-10-24,12.88,26.08,81.14,bjfs
2019-10-25,7.92,10.28,49.88,bjfs
2019-10-26,5.65,9.72,35.61,bjfs
2019-10-27,3.38,6.01,21.26,bjfs
2019-10-28,3.33,6.01,21.00,bjfs
2019-10-29,5.90,7.82,37.15,bjfs
2019-10-30,4.58,6.17,28.86,bjfs
2019-10-31,8.03,12.05,50.59,bjfs
2019-11-01,18.97,24.68,122.13,bjfs
2019-11-02,21.14,22.66,136.09,bjfs
2019-11-03,18.78,22.33,120.90,bjfs
2019-11-04,12.69,17.26,81.67,bjfs
2019-11-05,13.01,15.63,83.76,bjfs
2019-11-06,12.97,16.46,83.46,bjfs
2019-11-07,7.45,10.18,47.95,bjfs
2019-11-08,7.23,9.46,46.52,bjfs
2019-11-09,12.75,19.50,82.08,bjfs
2019-11-10,2.97,6.30,19.09,bjfs
2019-11-11,7.83,11.23,50.40,bjfs
2019-11-12,7.07,10.14,45.52,bjfs
2019-11-13,5.39,8.19,34.68,bjfs
2019-11-14,3.34,5.91,21.51,bjfs
2019-11-15,7.28,8.99,46.89,bjfs
2019-11-16,11.07,14.51,71.22,bjfs
2019-11-17,5.43,12.16,34.92,bjfs
2019-11-18,2.98,4.79,19.16,bjfs
2019-11-19,,,,bjfs
2019-11-20,8.68,14.92,55.84,bjfs
2019-11-21,11.50,15.85,74.04,bjfs
2019-11-22,12.79,16.67,82.29,bjfs
2019-11-23,11.80,16.35,75.96,bjfs
2019-11-24,6.08,7.38,39.16,bjfs
2019-11-25,5.51,7.96,35.49,bjfs
2019-11-26,7.13,10.14,45.90,bjfs
2019-11-27,9.30,11.03,59.89,bjfs
2019-11-28,10.16,12.34,65.37,bjfs
2019-11-29,14.18,17.17,91.24,bjfs
2019-11-30,6.34,11.39,40.79,bjfs
2019-12-01,4.29,6.30,28.23,bjfs
2019-12-02,3.85,5.06,25.34,bjfs
2019-12-03,4.74,5.85,31.17,bjfs
2019-12-04,7.50,10.80,49.36,bjfs
2019-12-05,9.35,12.41,61.52,bjfs
2019-12-06,6.72,9.34,44.24,bjfs
2019-12-07,5.71,7.17,37.59,bjfs
2019-12-08,5.68,7.39,37.38,bjfs
2019-12-09,4.58,6.51,30.12,bjfs
2019-12-10,2.90,5.14,19.09,bjfs
2019-01-10,3.10,4.19,21.49,chan
2019-01-11,2.74,4.30,19.01,chan
2019-01-12,,,,chan
2019-01-13,,,,chan
2019-01-14,3.72,5.64,25.77,chan
2019-01-15,2.62,4.33,18.12,chan
2019-01-16,1.44,3.48,10.00,chan
2019-01-17,3.16,4.87,21.92,chan
2019-01-18,3.08,4.75,21.36,chan
2019-01-19,2.07,3.43,14.36,chan
2019-01-20,1.21,3.21,8.39,chan
2019-01-21,0.98,2.14,6.79,chan
2019-01-22,,,,chan
2019-01-23,2.57,4.32,17.81,chan
2019-01-24,3.80,5.02,26.36,chan
2019-01-25,5.33,6.71,36.96,chan
2019-01-26,2.95,4.98,20.47,chan
2019-01-27,0.47,2.21,3.29,chan
2019-01-28,2.77,3.65,19.20,chan
2019-01-29,1.70,3.42,11.76,chan
2019-01-30,2.84,3.94,19.65,chan
2019-01-31,0.91,2.95,6.31,chan
2019-02-01,-0.60,0.88,-4.19,chan
2019-02-02,2.04,4.58,14.16,chan
2019-02-03,1.27,2.34,8.81,chan
2019-02-04,1.34,2.95,9.31,chan
2019-02-05,2.28,2.88,15.81,chan
2019-02-06,2.00,2.79,13.86,chan
2019-02-07,3.24,3.80,22.49,chan
2019-02-08,3.17,4.31,22.01,chan
2019-02-09,4.16,5.15,28.84,chan
2019-02-10,3.98,4.92,27.61,chan
2019-02-11,4.44,5.68,30.78,chan
2019-02-12,5.45,6.57,37.78,chan
2019-02-13,5.71,6.70,39.56,chan
2019-02-14,4.56,6.02,31.60,chan
2019-02-15,3.77,5.29,26.11,chan
2019-02-16,2.89,4.56,20.06,chan
2019-02-17,3.21,4.88,22.25,chan
2019-02-18,3.80,6.46,26.35,chan
2019-02-19,6.74,8.33,46.74,chan
2019-02-20,5.36,9.18,37.13,chan
2019-02-21,3.71,5.54,25.74,chan
2019-02-22,4.75,5.75,32.94,chan
2019-02-23,3.15,5.45,21.83,chan
2019-02-24,2.63,4.73,18.21,chan
2019-02-25,4.16,5.69,28.86,chan
2019-02-26,4.11,5.47,28.49,chan
2019-02-27,5.23,8.18,36.23,chan
2019-02-28,3.28,5.34,22.71,chan
2019-03-01,3.44,5.51,23.10,chan
2019-03-02,2.21,3.92,14.84,chan
2019-03-03,3.81,5.89,25.56,chan
2019-03-04,3.57,6.31,23.95,chan
2019-03-05,6.00,8.89,40.31,chan
2019-03-06,3.93,5.05,26.39,chan
2019-03-07,3.65,4.86,24.53,chan
2019-03-08,,,,chan
2019-03-09,4.37,8.75,29.32,chan
2019-03-10,4.68,7.11,31.44,chan
2019-03-11,-0.19,1.74,-1.25,chan
2019-03-12,0.11,4.32,0.76,chan
2019-03-13,3.24,5.92,21.76,chan
2019-03-14,4.02,6.06,27.02,chan
2019-03-15,3.26,5.42,21.93,chan
2019-03-16,5.32,7.12,35.74,chan
2019-03-17,3.52,5.57,23.63,chan
2019-03-18,3.76,5.47,25.25,chan
2019-03-19,5.86,11.34,39.38,chan
2019-03-20,10.86,14.52,72.92,chan
2019-03-21,4.65,6.69,31.22,chan
2019-03-22,4.53,5.92,30.46,chan
2019-03-23,3.34,4.91,22.40,chan
2019-03-24,2.50,4.05,16.76,chan
2019-03-25,2.22,4.31,14.91,chan
2019-03-26,5.92,7.38,39.75,chan
2019-03-27,3.76,5.84,25.23,chan
2019-03-28,2.99,4.04,20.10,chan
2019-03-29,3.68,4.73,24.74,chan
2019-03-30,4.11,5.64,27.57,chan
2019-03-31,4.96,6.92,33.32,chan
2019-04-01,6.17,7.52,40.24,chan
2019-04-02,5.80,7.61,37.79,chan
2019-04-03,5.19,6.38,33.83,chan
2019-04-04,2.72,5.58,17.71,chan
2019-04-05,4.00,6.04,26.07,chan
2019-04-06,3.26,4.71,21.26,chan
2019-04-07,4.85,8.74,31.64,chan
2019-04-08,8.28,9.75,54.01,chan
2019-04-09,7.77,10.15,50.68,chan
2019-04-10,6.21,7.74,40.50,chan
2019-04-11,4.20,6.54,27.36,chan
2019-04-12,7.87,14.84,51.30,chan
2019-04-13,6.52,13.50,42.53,chan
2019-04-14,5.88,7.51,38.34,chan
2019-04-15,3.85,6.50,25.13,chan
2019-04-16,5.51,7.42,35.95,chan
2019-04-17,8.25,13.57,53.76,chan
2019-04-18,5.50,8.03,35.86,chan
2019-04-19,5.22,13.19,34.03,chan
2019-04-20,9.45,14.11,61.59,chan
2019-04-21,6.93,11.77,45.20,chan
2019-04-22,17.59,23.66,114.66,chan
2019-04-23,17.42,23.94,113.59,chan
2019-04-24,8.96,19.61,58.40,chan
2019-04-25,7.77,10.43,50.65,chan
2019-04-26,8.29,12.33,54.04,chan
2019-04-27,9.78,13.43,63.76,chan
2019-04-28,14.24,16.88,92.84,chan
2019-04-29,,,,chan
2019-04-30,10.54,16.02,68.72,chan
2019-05-01,7.74,11.09,49.07,chan
2019-05-02,6.09,9.88,38.62,chan
2019-05-03,8.82,12.14,55.95,chan
2019-05-04,13.48,21.75,85.48,chan
2019-05-05,11.58,20.05,73.42,chan
2019-05-06,8.71,10.81,55.22,chan
2019-05-07,7.86,9.77,49.83,chan
2019-05-08,6.00,10.18,38.04,chan
2019-05-09,9.36,11.59,59.33,chan
2019-05-10,10.92,13.70,69.24,chan
2019-05-11,13.02,16.69,82.55,chan
2019-05-12,15.85,25.94,100.50,chan
2019-05-13,12.72,19.09,80.65,chan
2019-05-14,12.76,16.81,80.91,chan
2019-05-15,14.82,21.35,93.98,chan
2019-05-16,17.38,25.51,110.24,chan
2019-05-17,24.98,27.33,158.42,chan
2019-05-18,29.97,33.72,190.08,chan
2019-05-19,20.16,32.27,127.84,chan
2019-05-20,11.53,14.35,73.12,chan
2019-05-21,12.61,15.43,79.97,chan
2019-05-22,8.46,11.17,53.65,chan
2019-05-23,13.44,15.87,85.23,chan
2019-05-24,9.39,14.03,59.58,chan
2019-05-25,14.46,34.13,91.74,chan
2019-05-26,33.04,39.74,209.55,chan
2019-05-27,14.21,25.33,90.15,chan
2019-05-28,10.28,15.50,65.22,chan
2019-05-29,11.37,16.19,72.10,chan
2019-05-30,10.92,16.42,69.24,chan
2019-05-31,13.41,17.54,85.08,chan
2019-06-01,13.89,18.49,86.73,chan
2019-06-02,24.31,31.07,151.83,chan
2019-06-03,29.01,31.60,181.18,chan
2019-06-04,23.95,31.43,149.57,chan
2019-06-05,19.11,28.66,119.32,chan
2019-06-06,21.02,23.25,131.23,chan
2019-06-07,23.92,34.32,149.38,chan
2019-06-08,26.20,30.84,163.59,chan
2019-06-09,28.65,32.12,178.89,chan
2019-06-10,29.53,31.56,184.39,chan
2019-06-11,29.26,32.75,182.74,chan
2019-06-12,27.42,35.42,171.25,chan
2019-06-13,29.73,38.37,185.68,chan
2019-06-14,25.36,27.99,158.37,chan
2019-06-15,23.46,28.42,146.51,chan
2019-06-16,10.96,14.93,68.45,chan
2019-06-17,16.34,20.93,102.04,chan
2019-06-18,21.46,29.22,134.04,chan
2019-06-19,27.90,32.78,174.20,chan
2019-06-20,20.71,29.53,129.33,chan
2019-06-21,22.62,27.83,141.28,chan
2019-06-22,26.34,29.95,164.46,chan
2019-06-23,25.37,27.61,158.41,chan
2019-06-24,28.83,31.72,180.01,chan
2019-06-25,26.72,30.76,166.87,chan
2019-06-26,28.29,30.74,176.69,chan
2019-06-27,29.95,35.25,187.03,chan
2019-06-28,31.73,38.32,198.13,chan
2019-06-29,29.67,35.45,185.31,chan
2019-06-30,26.97,31.01,168.42,chan
2019-07-01,27.73,33.07,171.10,chan
2019-07-02,28.67,34.55,176.90,chan
2019-07-03,25.48,32.16,157.21,chan
2019-07-04,28.79,34.27,177.64,chan
2019-07-05,34.36,40.99,212.00,chan
2019-07-06,31.67,39.56,195.40,chan
2019-07-07,34.72,38.33,214.23,chan
2019-07-08,27.48,34.05,169.53,chan
2019-07-09,34.32,36.50,211.77,chan
2019-07-10,29.91,38.80,184.57,chan
2019-07-11,37.23,41.36,229.69,chan
2019-07-12,34.97,39.87,215.77,chan
2019-07-13,31.11,34.72,191.95,chan
2019-07-14,36.58,42.10,225.71,chan
2019-07-15,35.98,39.27,222.01,chan
2019-07-16,39.33,46.86,242.69,chan
2019-07-17,42.75,46.43,263.79,chan
2019-07-18,37.26,40.60,229.88,chan
2019-07-19,36.46,38.97,224.94,chan
2019-07-20,40.43,57.26,249.48,chan
2019-07-21,43.01,58.70,265.36,chan
2019-07-22,35.59,51.09,219.59,chan
2019-07-23,44.81,51.66,276.46,chan
2019-07-24,36.56,45.38,225.55,chan
2019-07-25,41.12,49.26,253.74,chan
2019-07-26,36.14,41.64,222.98,chan
2019-07-27,37.03,44.93,228.46,chan
2019-07-28,35.27,49.00,217.60,chan
2019-07-29,54.41,61.17,335.71,chan
2019-07-30,33.58,62.70,207.20,chan
2019-07-31,35.66,43.76,220.04,chan
2019-08-01,32.04,34.92,199.42,chan
2019-08-02,34.51,50.65,214.76,chan
2019-08-03,44.95,50.29,279.76,chan
2019-08-04,32.57,36.92,202.72,chan
2019-08-05,43.88,55.07,273.08,chan
2019-08-06,49.15,53.06,305.90,chan
2019-08-07,48.60,53.42,302.46,chan
2019-08-08,39.09,52.83,243.28,chan
2019-08-09,40.95,47.62,254.85,chan
2019-08-10,49.38,54.57,307.35,chan
2019-08-11,47.46,50.41,295.39,chan
2019-08-12,42.18,48.88,262.50,chan
2019-08-13,51.83,57.43,322.60,chan
2019-08-14,47.97,58.75,298.56,chan
2019-08-15,44.86,49.69,279.21,chan
2019-08-16,37.02,41.08,230.39,chan
2019-08-17,34.45,37.00,214.41,chan
2019-08-18,33.31,38.37,207.31,chan
2019-08-19,28.69,32.85,178.57,chan
2019-08-20,37.01,44.28,230.37,chan
2019-08-21,21.34,27.90,132.84,chan
2019-08-22,29.62,34.69,184.38,chan
2019-08-23,29.12,31.82,181.21,chan
2019-08-24,30.03,33.04,186.91,chan
2019-08-25,33.27,37.48,207.06,chan
2019-08-26,35.32,41.07,219.81,chan
2019-08-27,24.19,30.45,150.58,chan
2019-08-28,27.01,30.74,168.09,chan
2019-08-29,27.95,30.68,173.97,chan
2019-08-30,26.33,31.96,163.86,chan
2019-08-31,21.75,25.00,135.34,chan
2019-09-01,24.86,29.40,156.51,chan
2019-09-02,30.67,35.12,193.13,chan
2019-09-03,28.45,33.08,179.10,chan
2019-09-04,25.19,33.69,158.58,chan
2019-09-05,38.10,41.61,239.86,chan
2019-09-06,36.99,41.85,232.93,chan
2019-09-07,41.53,49.98,261.48,chan
2019-09-08,20.23,30.67,127.37,chan
2019-09-09,17.50,23.84,110.17,chan
2019-09-10,15.30,21.27,96.36,chan
2019-09-11,15.82,17.55,99.60,chan
2019-09-12,21.71,30.70,136.67,chan
2019-09-13,29.02,45.59,182.74,chan
2019-09-14,12.52,16.09,78.85,chan
2019-09-15,12.85,23.67,80.93,chan
2019-09-16,8.35,9.94,52.54,chan
2019-09-17,10.63,18.24,66.92,chan
2019-09-18,11.32,13.46,71.26,chan
2019-09-19,16.45,19.24,103.59,chan
2019-09-20,16.95,22.78,106.72,chan
2019-09-21,14.10,17.04,88.75,chan
2019-09-22,14.04,18.48,88.39,chan
2019-09-23,13.81,19.05,86.98,chan
2019-09-24,13.11,16.79,82.53,chan
2019-09-25,15.97,17.96,100.58,chan
2019-09-26,17.72,20.08,111.56,chan
2019-09-27,17.12,21.70,107.82,chan
2019-09-28,16.03,26.08,100.92,chan
2019-09-29,18.66,26.89,117.47,chan
2019-09-30,20.59,23.84,129.62,chan
2019-10-01,17.18,19.59,110.92,chan
2019-10-02,20.87,26.63,134.75,chan
2019-10-03,26.53,28.74,171.27,chan
2019-10-04,11.42,25.84,73.75,chan
2019-10-05,7.94,9.24,51.24,chan
2019-10-06,9.23,12.96,59.56,chan
2019-10-07,7.57,14.68,48.88,chan
2019-10-08,8.83,12.45,57.02,chan
2019-10-09,8.41,11.72,54.26,chan
2019-10-10,11.72,17.27,75.69,chan
2019-10-11,10.40,12.21,67.13,chan
2019-10-12,12.07,17.17,77.92,chan
2019-10-13,10.04,19.68,64.82,chan
2019-10-14,8.73,9.87,56.36,chan
2019-10-15,8.99,11.37,58.02,chan
2019-10-16,10.46,11.98,67.50,chan
2019-10-17,11.31,13.71,73.05,chan
2019-10-18,15.28,18.65,98.64,chan
2019-10-19,,,,chan
2019-10-20,8.72,16.50,56.30,chan
2019-10-21,,,,chan
2019-10-22,8.40,11.98,54.21,chan
2019-10-23,11.82,13.15,76.32,chan
2019-10-24,14.74,17.64,95.18,chan
2019-10-25,7.91,10.56,51.08,chan
2019-10-26,4.54,6.85,29.32,chan
2019-10-27,4.19,7.66,27.05,chan
2019-10-28,7.08,10.74,45.74,chan
2019-10-29,5.79,8.20,37.38,chan
2019-10-30,6.36,7.58,41.03,chan
2019-10-31,3.90,8.43,25.17,chan
2019-11-01,7.61,9.37,51.73,chan
2019-11-02,6.55,10.74,44.50,chan
2019-11-03,5.57,7.40,37.85,chan
2019-11-04,4.65,8.52,31.62,chan
2019-11-05,5.19,7.27,35.24,chan
2019-11-06,,,,chan
2019-11-07,,,,chan
2019-11-08,7.11,8.09,48.29,chan
2019-11-09,6.89,10.73,46.85,chan
2019-11-10,8.40,12.47,57.09,chan
2019-11-11,3.89,8.05,26.41,chan
2019-11-12,8.99,12.51,61.08,chan
2019-11-13,2.85,7.33,19.36,chan
2019-11-14,1.00,2.56,6.76,chan
2019-11-15,2.11,3.84,14.36,chan
2019-11-16,5.44,7.98,36.96,chan
2019-11-17,6.76,12.48,45.93,chan
2019-11-18,0.92,2.19,6.28,chan
2019-11-19,,,,chan
2019-11-20,5.60,8.43,38.03,chan
2019-11-21,10.35,12.90,70.35,chan
2019-11-22,10.46,17.08,71.09,chan
2019-11-23,10.81,17.74,73.47,chan
2019-11-24,5.93,10.11,40.30,chan
2019-11-25,5.38,7.90,36.53,chan
2019-11-26,5.08,8.46,34.51,chan
2019-11-27,6.79,8.31,46.15,chan
2019-11-28,6.16,8.19,41.83,chan
2019-11-29,6.48,9.76,44.06,chan
2019-11-30,5.17,10.26,35.16,chan
2019-12-01,2.23,4.82,15.61,chan
2019-12-02,0.46,1.81,3.21,chan
2019-12-03,1.93,3.81,13.55,chan
2019-12-04,4.98,7.64,34.95,chan
2019-12-05,6.56,8.57,46.01,chan
2019-12-06,4.49,6.88,31.46,chan
2019-12-07,4.63,6.89,32.48,chan
2019-12-08,4.51,6.82,31.64,chan
2019-12-09,4.42,7.76,30.98,chan
2019-12-10,4.05,5.62,28.40,chan
2019-01-01,32.31,35.20,202.73,hksl
2019-01-02,35.92,37.66,225.43,hksl
2019-01-03,40.20,44.04,252.27,hksl
2019-01-04,40.91,44.44,256.73,hksl
2019-01-05,39.63,45.21,248.68,hksl
2019-01-06,34.00,38.73,213.33,hksl
2019-01-07,35.92,38.27,225.42,hksl
2019-01-08,28.74,31.84,180.34,hksl
2019-01-09,29.30,32.36,183.87,hksl
2019-01-10,31.98,34.02,200.71,hksl
2019-01-11,30.74,33.57,192.91,hksl
2019-01-12,,,,hksl
2019-01-13,24.06,26.45,151.00,hksl
2019-01-14,26.87,31.23,168.61,hksl
2019-01-15,28.75,31.28,180.41,hksl
2019-01-16,28.93,32.65,181.55,hksl
2019-01-17,18.76,27.18,117.69,hksl
2019-01-18,22.02,26.96,138.16,hksl
2019-01-19,31.00,35.15,194.55,hksl
2019-01-20,29.92,32.08,187.72,hksl
2019-01-21,23.95,28.24,150.27,hksl
2019-01-22,13.86,18.10,86.97,hksl
2019-01-23,14.21,17.19,89.19,hksl
2019-01-24,13.22,16.76,82.96,hksl
2019-01-25,17.09,20.68,107.23,hksl
2019-01-26,18.70,21.45,117.37,hksl
2019-01-27,19.16,21.28,120.25,hksl
2019-01-28,18.41,21.95,115.53,hksl
2019-01-29,18.47,21.41,115.90,hksl
2019-01-30,24.55,29.75,154.08,hksl
2019-01-31,27.11,31.60,170.13,hksl
2019-02-01,27.31,30.37,170.77,hksl
2019-02-02,29.79,33.61,186.28,hksl
2019-02-03,32.80,35.36,205.09,hksl
2019-02-04,31.48,36.52,196.85,hksl
2019-02-05,26.06,29.76,162.95,hksl
2019-02-06,21.58,26.12,134.95,hksl
2019-02-07,24.82,28.66,155.18,hksl
2019-02-08,26.97,29.05,168.62,hksl
2019-02-09,28.42,30.69,177.71,hksl
2019-02-10,28.39,31.11,177.54,hksl
2019-02-11,28.47,30.56,178.05,hksl
2019-02-12,30.17,32.60,188.63,hksl
2019-02-13,30.27,33.47,189.28,hksl
2019-02-14,31.01,34.31,193.93,hksl
2019-02-15,31.61,35.51,197.67,hksl
2019-02-16,31.81,34.26,198.90,hksl
2019-02-17,31.92,37.09,199.60,hksl
2019-02-18,37.44,45.37,234.13,hksl
2019-02-19,37.48,47.18,234.37,hksl
2019-02-20,31.31,36.96,195.80,hksl
2019-02-21,34.34,39.96,214.75,hksl
2019-02-22,32.38,36.41,202.48,hksl
2019-02-23,37.01,40.94,231.42,hksl
2019-02-24,29.24,35.23,182.85,hksl
2019-02-25,32.73,35.30,204.67,hksl
2019-02-26,32.25,36.17,201.64,hksl
2019-02-27,36.90,40.74,230.73,hksl
2019-02-28,30.59,35.91,191.27,hksl
2019-03-01,33.90,36.88,211.27,hksl
2019-03-02,36.38,43.70,226.70,hksl
2019-03-03,28.61,43.62,178.26,hksl
2019-03-04,39.77,49.73,247.81,hksl
2019-03-05,38.90,43.91,242.39,hksl
2019-03-06,45.14,47.98,281.31,hksl
2019-03-07,41.78,45.87,260.36,hksl
2019-03-08,40.78,45.12,254.10,hksl
2019-03-09,40.05,46.48,249.56,hksl
2019-03-10,37.81,42.53,235.59,hksl
2019-03-11,25.09,35.46,156.33,hksl
2019-03-12,25.10,31.46,156.42,hksl
2019-03-13,35.73,44.09,222.65,hksl
2019-03-14,42.95,45.62,267.63,hksl
2019-03-15,36.17,40.86,225.42,hksl
2019-03-16,31.78,34.27,198.01,hksl
2019-03-17,38.22,40.75,238.19,hksl
2019-03-18,35.26,39.47,219.75,hksl
2019-03-19,34.79,37.95,216.81,hksl
2019-03-20,30.93,35.22,192.73,hksl
2019-03-21,30.63,34.09,190.86,hksl
2019-03-22,39.61,45.32,246.85,hksl
2019-03-23,43.49,47.46,271.04,hksl
2019-03-24,40.34,43.59,251.41,hksl
2019-03-25,35.71,42.84,222.50,hksl
2019-03-26,34.55,39.06,215.31,hksl
2019-03-27,34.11,35.69,212.55,hksl
2019-03-28,36.57,44.03,227.92,hksl
2019-03-29,43.34,53.66,270.09,hksl
2019-03-30,36.75,39.12,229.01,hksl
2019-03-31,41.25,46.37,257.04,hksl
2019-04-01,45.15,47.64,277.39,hksl
2019-04-02,41.73,43.47,256.40,hksl
2019-04-03,41.05,43.37,252.19,hksl
2019-04-04,42.64,45.22,261.95,hksl
2019-04-05,31.03,37.91,190.62,hksl
2019-04-06,36.82,40.96,226.19,hksl
2019-04-07,37.72,42.26,231.75,hksl
2019-04-08,41.91,44.88,257.46,hksl
2019-04-09,38.04,42.90,233.74,hksl
2019-04-10,39.55,43.37,243.01,hksl
2019-04-11,47.17,55.37,289.80,hksl
2019-04-12,49.23,54.04,302.47,hksl
2019-04-13,50.05,55.86,307.47,hksl
2019-04-14,51.98,58.75,319.33,hksl
2019-04-15,50.96,53.81,313.10,hksl
2019-04-16,43.57,55.92,267.71,hksl
2019-04-17,43.18,46.80,265.29,hksl
2019-04-18,50.97,60.73,313.18,hksl
2019-04-19,49.75,58.99,305.67,hksl
2019-04-20,50.10,59.89,307.82,hksl
2019-04-21,49.68,56.80,305.20,hksl
2019-04-22,44.95,50.93,276.14,hksl
2019-04-23,39.87,45.09,244.94,hksl
2019-04-24,40.26,46.52,247.35,hksl
2019-04-25,46.41,49.65,285.15,hksl
2019-04-26,49.79,56.29,305.92,hksl
2019-04-27,49.25,57.08,302.56,hksl
2019-04-28,48.48,51.38,297.85,hksl
2019-04-29,49.65,54.63,305.04,hksl
2019-04-30,52.22,56.59,320.81,hksl
2019-05-01,52.71,56.22,320.25,hksl
2019-05-02,51.25,54.16,311.37,hksl
2019-05-03,48.19,52.66,292.78,hksl
2019-05-04,60.20,64.67,365.74,hksl
2019-05-05,56.77,61.05,344.93,hksl
2019-05-06,55.74,63.23,338.63,hksl
2019-05-07,56.13,63.31,341.02,hksl
2019-05-08,58.07,63.88,352.82,hksl
2019-05-09,47.84,51.26,290.66,hksl
2019-05-10,43.94,45.70,266.99,hksl
2019-05-11,41.98,44.73,255.07,hksl
2019-05-12,44.10,47.88,267.95,hksl
2019-05-13,44.62,54.53,271.08,hksl
2019-05-14,57.49,62.38,349.26,hksl
2019-05-15,57.32,63.64,348.28,hksl
2019-05-16,52.89,58.10,321.36,hksl
2019-05-17,58.36,60.48,354.60,hksl
2019-05-18,54.99,58.55,334.09,hksl
2019-05-19,54.59,58.72,331.66,hksl
2019-05-20,60.51,67.21,367.60,hksl
2019-05-21,59.55,64.98,361.79,hksl
2019-05-22,53.96,60.46,327.82,hksl
2019-05-23,59.01,65.36,358.49,hksl
2019-05-24,59.05,63.09,358.78,hksl
2019-05-25,61.40,65.65,373.06,hksl
2019-05-26,,,,hksl
2019-05-27,,,,hksl
2019-05-28,61.99,68.68,376.61,hksl
2019-05-29,62.97,65.18,382.60,hksl
2019-05-30,64.59,67.16,392.40,hksl
2019-05-31,65.78,69.94,399.66,hksl
2019-06-01,63.30,66.20,382.31,hksl
2019-06-02,64.49,68.55,389.50,hksl
2019-06-03,61.16,66.74,369.38,hksl
2019-06-04,60.83,66.50,367.38,hksl
2019-06-05,56.27,59.46,339.85,hksl
2019-06-06,52.65,56.84,318.02,hksl
2019-06-07,51.41,57.17,310.49,hksl
2019-06-08,50.91,57.08,307.51,hksl
2019-06-09,56.88,63.83,343.54,hksl
2019-06-10,65.56,71.67,395.95,hksl
2019-06-11,67.32,72.60,406.59,hksl
2019-06-12,67.19,70.73,405.81,hksl
2019-06-13,62.42,74.79,377.03,hksl
2019-06-14,33.10,43.84,199.89,hksl
2019-06-15,37.22,44.58,224.77,hksl
2019-06-16,48.49,54.17,292.87,hksl
2019-06-17,66.24,71.64,400.08,hksl
2019-06-18,63.36,68.53,382.70,hksl
2019-06-19,58.42,63.33,352.87,hksl
2019-06-20,57.24,60.36,345.69,hksl
2019-06-21,57.94,61.68,349.96,hksl
2019-06-22,54.42,59.19,328.70,hksl
2019-06-23,55.27,64.57,333.83,hksl
2019-06-24,63.21,70.60,381.78,hksl
2019-06-25,67.37,72.27,406.89,hksl
2019-06-26,64.17,69.75,387.58,hksl
2019-06-27,58.29,63.26,352.04,hksl
2019-06-28,60.98,67.12,368.29,hksl
2019-06-29,61.98,69.39,374.34,hksl
2019-06-30,63.11,67.89,381.18,hksl
2019-07-01,58.71,63.62,354.08,hksl
2019-07-02,68.03,77.74,410.31,hksl
2019-07-03,65.45,69.56,394.73,hksl
2019-07-04,60.40,64.14,364.30,hksl
2019-07-05,56.50,61.43,340.78,hksl
2019-07-06,55.80,58.32,336.52,hksl
2019-07-07,55.88,61.42,337.01,hksl
2019-07-08,54.82,61.55,330.63,hksl
2019-07-09,58.63,66.29,353.62,hksl
2019-07-10,66.06,70.28,398.41,hksl
2019-07-11,63.96,72.02,385.75,hksl
2019-07-12,56.09,59.59,338.28,hksl
2019-07-13,53.90,56.32,325.07,hksl
2019-07-14,53.20,59.08,320.84,hksl
2019-07-15,46.94,50.88,283.11,hksl
2019-07-16,43.06,49.01,259.69,hksl
2019-07-17,50.17,59.80,302.61,hksl
2019-07-18,58.95,65.67,355.55,hksl
2019-07-19,65.16,72.42,393.00,hksl
2019-07-20,65.61,71.57,395.70,hksl
2019-07-21,64.45,67.46,388.70,hksl
2019-07-22,63.19,68.42,381.12,hksl
2019-07-23,56.45,60.72,340.47,hksl
2019-07-24,58.93,61.47,355.40,hksl
2019-07-25,54.58,59.03,329.17,hksl
2019-07-26,53.77,57.13,324.30,hksl
2019-07-27,56.11,64.88,338.43,hksl
2019-07-28,62.04,65.68,374.18,hksl
2019-07-29,63.16,68.42,380.92,hksl
2019-07-30,58.14,61.76,350.67,hksl
2019-07-31,65.74,70.65,396.50,hksl
2019-08-01,67.23,69.65,405.95,hksl
2019-08-02,62.45,69.03,377.08,hksl
2019-08-03,,,,hksl
2019-08-04,55.22,64.73,333.42,hksl
2019-08-05,55.14,60.92,332.94,hksl
2019-08-06,59.97,65.61,362.12,hksl
2019-08-07,53.12,59.96,320.78,hksl
2019-08-08,54.16,65.85,327.06,hksl
2019-08-09,56.23,60.59,339.51,hksl
2019-08-10,60.98,63.96,368.19,hksl
2019-08-11,60.80,67.13,367.13,hksl
2019-08-12,60.40,66.25,364.69,hksl
2019-08-13,56.39,63.41,340.47,hksl
2019-08-14,58.27,61.98,351.86,hksl
2019-08-15,57.80,64.08,349.00,hksl
2019-08-16,63.91,67.72,385.91,hksl
2019-08-17,67.21,70.32,405.83,hksl
2019-08-18,65.93,71.55,398.08,hksl
2019-08-19,59.35,65.36,358.37,hksl
2019-08-20,56.30,59.92,339.97,hksl
2019-08-21,47.74,52.28,288.27,hksl
2019-08-22,55.23,63.37,333.47,hksl
2019-08-23,56.23,64.24,339.53,hksl
2019-08-24,56.58,71.88,341.63,hksl
2019-08-25,65.89,70.92,397.87,hksl
2019-08-26,60.73,66.95,366.71,hksl
2019-08-27,52.99,60.61,319.95,hksl
2019-08-28,,,,hksl
2019-08-29,62.98,67.81,380.26,hksl
2019-08-30,63.42,69.36,382.91,hksl
2019-08-31,64.96,68.67,392.22,hksl
2019-09-01,63.85,68.08,387.57,hksl
2019-09-02,60.54,66.80,367.45,hksl
2019-09-03,62.42,66.88,378.89,hksl
2019-09-04,65.68,68.97,398.69,hksl
2019-09-05,60.72,66.04,368.57,hksl
2019-09-06,54.85,58.51,332.92,hksl
2019-09-07,55.14,59.26,334.71,hksl
2019-09-08,52.73,59.80,320.04,hksl
2019-09-09,51.28,54.45,311.26,hksl
2019-09-10,48.26,56.15,292.93,hksl
2019-09-11,53.44,58.83,324.40,hksl
2019-09-12,49.16,54.62,298.39,hksl
2019-09-13,47.17,51.82,286.33,hksl
2019-09-14,54.92,59.77,333.38,hksl
2019-09-15,50.50,62.29,306.55,hksl
2019-09-16,51.90,56.46,315.01,hksl
2019-09-17,56.25,65.68,341.43,hksl
2019-09-18,50.04,56.16,303.72,hksl
2019-09-19,38.08,43.54,231.15,hksl
2019-09-20,23.90,30.58,145.06,hksl
2019-09-21,33.77,40.06,204.99,hksl
2019-09-22,30.96,34.24,187.93,hksl
2019-09-23,38.15,40.78,231.59,hksl
2019-09-24,38.34,44.56,232.69,hksl
2019-09-25,37.45,40.95,227.34,hksl
2019-09-26,39.27,46.03,238.34,hksl
2019-09-27,37.76,41.30,229.22,hksl
2019-09-28,38.89,42.57,236.07,hksl
2019-09-29,37.58,40.03,228.10,hksl
2019-09-30,32.39,35.39,196.58,hksl
2019-10-01,29.83,33.65,183.66,hksl
2019-10-02,30.28,35.91,186.38,hksl
2019-10-03,30.25,34.60,186.22,hksl
2019-10-04,33.60,38.59,206.85,hksl
2019-10-05,44.15,50.25,271.80,hksl
2019-10-06,56.84,60.80,349.89,hksl
2019-10-07,49.35,56.90,303.79,hksl
2019-10-08,42.66,50.49,262.63,hksl
2019-10-09,37.03,38.66,227.97,hksl
2019-10-10,38.89,41.43,239.43,hksl
2019-10-11,39.09,45.27,240.67,hksl
2019-10-12,49.65,58.80,305.64,hksl
2019-10-13,55.30,58.79,340.43,hksl
2019-10-14,52.01,58.94,320.17,hksl
2019-10-15,43.73,49.24,269.20,hksl
2019-10-16,38.71,41.51,238.29,hksl
2019-10-17,40.06,45.25,246.63,hksl
2019-10-18,39.60,41.58,243.77,hksl
2019-10-19,,,,hksl
2019-10-20,31.24,37.81,192.33,hksl
2019-10-21,,,,hksl
2019-10-22,33.79,38.25,208.04,hksl
2019-10-23,43.42,47.16,267.31,hksl
2019-10-24,43.08,45.33,265.20,hksl
2019-10-25,40.12,44.21,246.96,hksl
2019-10-26,40.59,43.38,249.85,hksl
2019-10-27,40.01,43.49,246.31,hksl
2019-10-28,42.13,45.94,259.37,hksl
2019-10-29,27.82,33.27,171.25,hksl
2019-10-30,38.40,47.92,236.38,hksl
2019-10-31,45.79,49.20,281.91,hksl
2019-11-01,43.54,46.28,269.50,hksl
2019-11-02,37.73,40.54,233.50,hksl
2019-11-03,38.38,42.80,237.54,hksl
2019-11-04,24.45,35.09,151.30,hksl
2019-11-05,18.73,28.09,115.90,hksl
2019-11-06,25.32,28.55,156.73,hksl
2019-11-07,16.83,21.82,104.15,hksl
2019-11-08,15.98,18.46,98.93,hksl
2019-11-09,17.05,21.09,105.53,hksl
2019-11-10,23.08,25.97,142.83,hksl
2019-11-11,25.50,30.11,157.82,hksl
2019-11-12,33.71,35.23,208.65,hksl
2019-11-13,38.77,43.06,239.97,hksl
2019-11-14,30.06,35.87,186.08,hksl
2019-11-15,24.02,25.81,148.66,hksl
2019-11-16,21.88,26.28,135.41,hksl
2019-11-17,24.62,27.09,152.40,hksl
2019-11-18,26.70,29.09,165.24,hksl
2019-11-19,,,,hksl
2019-11-20,23.59,29.09,146.02,hksl
2019-11-21,19.24,22.64,119.10,hksl
2019-11-22,19.71,22.12,122.00,hksl
2019-11-23,19.85,23.83,122.84,hksl
2019-11-24,25.47,28.82,157.66,hksl
2019-11-25,30.67,35.76,189.83,hksl
2019-11-26,32.64,34.30,201.99,hksl
2019-11-27,29.59,31.10,183.15,hksl
2019-11-28,24.41,28.43,151.10,hksl
2019-11-29,22.73,25.58,140.67,hksl
2019-11-30,20.32,21.87,125.79,hksl
2019-12-01,21.03,23.24,131.32,hksl
2019-12-02,16.40,20.34,102.40,hksl
2019-12-03,9.55,16.19,59.63,hksl
2019-12-04,15.48,27.10,96.65,hksl
2019-12-05,27.51,32.95,171.82,hksl
2019-12-06,12.38,22.59,77.29,hksl
2019-12-07,7.03,8.48,43.90,hksl
2019-12-08,10.11,15.18,63.14,hksl
2019-12-09,16.60,20.49,103.69,hksl
2019-12-10,16.00,20.40,99.95,hksl
2019-01-01,32.64,35.13,204.82,hkws
2019-01-02,36.73,38.91,230.48,hkws
2019-01-03,40.69,43.81,255.31,hkws
2019-01-04,41.50,45.50,260.39,hkws
2019-01-05,40.08,46.39,251.52,hkws
2019-01-06,34.50,39.37,216.51,hkws
2019-01-07,36.03,37.96,226.08,hkws
2019-01-08,29.21,31.59,183.33,hkws
2019-01-09,30.24,32.97,189.78,hkws
2019-01-10,31.92,34.24,200.32,hkws
2019-01-11,30.88,33.14,193.78,hkws
2019-01-12,,,,hkws
2019-01-13,24.58,27.37,154.25,hkws
2019-01-14,28.43,32.62,178.38,hkws
2019-01-15,29.34,32.27,184.11,hkws
2019-01-16,29.39,32.57,184.42,hkws
2019-01-17,18.45,27.08,115.79,hkws
2019-01-18,22.39,27.82,140.50,hkws
2019-01-19,31.63,35.85,198.47,hkws
2019-01-20,29.98,33.12,188.11,hkws
2019-01-21,24.00,28.11,150.62,hkws
2019-01-22,13.29,18.26,83.38,hkws
2019-01-23,15.91,17.64,99.86,hkws
2019-01-24,14.18,18.15,89.00,hkws
2019-01-25,17.61,21.62,110.49,hkws
2019-01-26,19.63,22.80,123.19,hkws
2019-01-27,19.46,21.39,122.12,hkws
2019-01-28,17.91,20.48,112.37,hkws
2019-01-29,18.39,22.11,115.37,hkws
2019-01-30,24.85,29.29,155.96,hkws
2019-01-31,27.80,32.21,174.44,hkws
2019-02-01,27.44,29.71,171.61,hkws
2019-02-02,29.56,34.32,184.81,hkws
2019-02-03,33.72,36.29,210.82,hkws
2019-02-04,32.22,37.30,201.44,hkws
2019-02-05,26.57,30.05,166.11,hkws
2019-02-06,22.58,26.44,141.20,hkws
2019-02-07,25.25,29.28,157.89,hkws
2019-02-08,27.89,30.14,174.39,hkws
2019-02-09,29.19,31.35,182.51,hkws
2019-02-10,28.49,31.09,178.14,hkws
2019-02-11,28.27,29.77,176.78,hkws
2019-02-12,30.37,32.88,189.89,hkws
2019-02-13,30.48,34.66,190.60,hkws
2019-02-14,31.69,34.87,198.14,hkws
2019-02-15,32.21,36.21,201.40,hkws
2019-02-16,32.54,34.88,203.49,hkws
2019-02-17,32.09,37.20,200.65,hkws
2019-02-18,38.02,42.65,237.71,hkws
2019-02-19,38.03,45.69,237.81,hkws
2019-02-20,31.88,36.20,199.35,hkws
2019-02-21,35.12,41.15,219.63,hkws
2019-02-22,31.97,35.46,199.92,hkws
2019-02-23,37.33,41.42,233.41,hkws
2019-02-24,29.52,35.79,184.58,hkws
2019-02-25,33.03,35.20,206.51,hkws
2019-02-26,31.58,34.83,197.50,hkws
2019-02-27,37.41,40.60,233.90,hkws
2019-02-28,31.06,36.14,194.19,hkws
2019-03-01,33.77,37.38,210.42,hkws
2019-03-02,36.64,44.49,228.33,hkws
2019-03-03,29.09,44.67,181.31,hkws
2019-03-04,38.87,49.20,242.22,hkws
2019-03-05,39.82,43.72,248.13,hkws
2019-03-06,44.49,47.20,277.27,hkws
2019-03-07,42.22,46.39,263.11,hkws
2019-03-08,41.08,45.36,255.99,hkws
2019-03-09,40.16,47.60,250.27,hkws
2019-03-10,38.05,42.41,237.13,hkws
2019-03-11,25.97,36.44,161.82,hkws
2019-03-12,24.90,27.78,155.15,hkws
2019-03-13,34.90,42.59,217.49,hkws
2019-03-14,43.35,45.29,270.16,hkws
2019-03-15,36.76,42.98,229.09,hkws
2019-03-16,31.28,34.38,194.94,hkws
2019-03-17,38.33,41.48,238.86,hkws
2019-03-18,35.64,40.74,222.10,hkws
2019-03-19,35.44,38.41,220.83,hkws
2019-03-20,31.34,35.77,195.33,hkws
2019-03-21,31.45,35.68,195.97,hkws
2019-03-22,39.52,43.21,246.26,hkws
2019-03-23,43.50,47.04,271.08,hkws
2019-03-24,40.51,44.90,252.46,hkws
2019-03-25,36.32,44.10,226.34,hkws
2019-03-26,34.41,37.75,214.41,hkws
2019-03-27,34.52,36.04,215.12,hkws
2019-03-28,36.54,41.57,227.72,hkws
2019-03-29,43.76,52.77,272.73,hkws
2019-03-30,37.10,40.17,231.18,hkws
2019-03-31,41.13,45.61,256.29,hkws
2019-04-01,44.85,47.91,275.54,hkws
2019-04-02,41.65,44.00,255.88,hkws
2019-04-03,41.74,44.12,256.44,hkws
2019-04-04,42.67,45.83,262.16,hkws
2019-04-05,31.03,37.96,190.66,hkws
2019-04-06,36.73,41.45,225.66,hkws
2019-04-07,37.45,42.20,230.09,hkws
2019-04-08,42.14,44.51,258.89,hkws
2019-04-09,38.67,42.02,237.61,hkws
2019-04-10,39.66,43.89,243.66,hkws
2019-04-11,47.38,56.60,291.11,hkws
2019-04-12,49.83,54.30,306.13,hkws
2019-04-13,50.72,55.88,311.64,hkws
2019-04-14,51.86,57.16,318.63,hkws
2019-04-15,50.80,54.09,312.11,hkws
2019-04-16,43.54,55.83,267.50,hkws
2019-04-17,43.97,47.62,270.12,hkws
2019-04-18,52.03,61.40,319.67,hkws
2019-04-19,50.17,58.05,308.26,hkws
2019-04-20,51.14,60.97,314.17,hkws
2019-04-21,50.70,58.71,311.50,hkws
2019-04-22,45.58,52.94,280.02,hkws
2019-04-23,40.47,46.61,248.62,hkws
2019-04-24,40.06,45.60,246.13,hkws
2019-04-25,46.48,51.30,285.57,hkws
2019-04-26,51.47,58.19,316.19,hkws
2019-04-27,50.16,58.49,308.17,hkws
2019-04-28,48.86,50.98,300.17,hkws
2019-04-29,50.26,56.09,308.77,hkws
2019-04-30,53.14,58.67,326.47,hkws
2019-05-01,52.77,58.20,320.59,hkws
2019-05-02,51.62,55.60,313.65,hkws
2019-05-03,47.64,52.84,289.44,hkws
2019-05-04,59.57,64.10,361.92,hkws
2019-05-05,57.89,62.40,351.69,hkws
2019-05-06,56.17,63.54,341.29,hkws
2019-05-07,55.96,62.82,339.97,hkws
2019-05-08,58.75,64.75,356.91,hkws
2019-05-09,48.63,51.80,295.46,hkws
2019-05-10,44.36,46.70,269.52,hkws
2019-05-11,42.29,45.19,256.94,hkws
2019-05-12,44.19,48.06,268.50,hkws
2019-05-13,45.76,55.12,278.03,hkws
2019-05-14,58.04,61.40,352.64,hkws
2019-05-15,58.31,64.16,354.29,hkws
2019-05-16,53.31,58.49,323.90,hkws
2019-05-17,58.92,61.36,357.95,hkws
2019-05-18,55.70,59.01,338.43,hkws
2019-05-19,55.35,58.72,336.28,hkws
2019-05-20,60.78,66.67,369.30,hkws
2019-05-21,59.95,63.84,364.26,hkws
2019-05-22,54.35,59.34,330.18,hkws
2019-05-23,60.01,66.67,364.56,hkws
2019-05-24,58.87,62.54,357.70,hkws
2019-05-25,61.92,65.21,376.18,hkws
2019-05-26,62.22,67.54,378.00,hkws
2019-05-27,62.95,66.51,382.44,hkws
2019-05-28,63.41,67.68,385.28,hkws
2019-05-29,63.24,65.05,384.21,hkws
2019-05-30,64.49,66.34,391.82,hkws
2019-05-31,66.32,71.41,402.94,hkws
2019-06-01,63.63,67.25,384.31,hkws
2019-06-02,64.42,67.70,389.09,hkws
2019-06-03,61.87,66.50,373.68,hkws
2019-06-04,60.96,64.56,368.16,hkws
2019-06-05,57.80,61.05,349.12,hkws
2019-06-06,54.53,60.63,329.38,hkws
2019-06-07,52.07,57.68,314.51,hkws
2019-06-08,52.70,57.17,318.33,hkws
2019-06-09,57.67,64.17,348.29,hkws
2019-06-10,66.35,73.88,400.73,hkws
2019-06-11,67.83,72.96,409.69,hkws
2019-06-12,67.79,70.58,409.46,hkws
2019-06-13,63.06,73.70,380.87,hkws
2019-06-14,34.24,41.71,206.78,hkws
2019-06-15,36.74,40.94,221.91,hkws
2019-06-16,47.34,55.66,285.92,hkws
2019-06-17,67.31,73.17,406.56,hkws
2019-06-18,65.28,68.22,394.26,hkws
2019-06-19,60.48,67.31,365.31,hkws
2019-06-20,58.27,60.78,351.93,hkws
2019-06-21,59.53,63.46,359.56,hkws
2019-06-22,54.98,60.63,332.06,hkws
2019-06-23,56.86,67.93,343.40,hkws
2019-06-24,63.65,70.07,384.42,hkws
2019-06-25,69.02,74.37,416.84,hkws
2019-06-26,64.17,69.24,387.58,hkws
2019-06-27,58.40,62.06,352.73,hkws
2019-06-28,61.95,68.09,374.18,hkws
2019-06-29,62.52,64.55,377.63,hkws
2019-06-30,63.34,67.24,382.54,hkws
2019-07-01,60.03,63.11,362.07,hkws
2019-07-02,69.31,75.29,418.04,hkws
2019-07-03,67.78,72.78,408.82,hkws
2019-07-04,61.61,66.75,371.60,hkws
2019-07-05,57.60,62.65,347.42,hkws
2019-07-06,57.25,61.92,345.28,hkws
2019-07-07,57.21,63.92,345.06,hkws
2019-07-08,55.25,61.23,333.20,hkws
2019-07-09,58.98,66.23,355.71,hkws
2019-07-10,66.30,71.68,399.89,hkws
2019-07-11,65.84,73.19,397.10,hkws
2019-07-12,56.57,60.05,341.18,hkws
2019-07-13,,,,hkws
2019-07-14,54.41,59.55,328.17,hkws
2019-07-15,47.88,53.21,288.80,hkws
2019-07-16,45.88,49.95,276.71,hkws
2019-07-17,51.96,57.95,313.39,hkws
2019-07-18,57.56,65.76,347.15,hkws
2019-07-19,65.45,73.01,394.74,hkws
2019-07-20,66.60,73.92,401.66,hkws
2019-07-21,64.91,68.30,391.51,hkws
2019-07-22,64.09,67.78,386.51,hkws
2019-07-23,58.54,62.89,353.07,hkws
2019-07-24,60.20,65.33,363.08,hkws
2019-07-25,56.04,64.10,338.00,hkws
2019-07-26,55.95,58.54,337.42,hkws
2019-07-27,58.42,60.95,352.36,hkws
2019-07-28,63.55,67.08,383.30,hkws
2019-07-29,64.34,71.85,388.04,hkws
2019-07-30,59.65,65.02,359.75,hkws
2019-07-31,66.93,71.37,403.67,hkws
2019-08-01,69.04,72.80,416.88,hkws
2019-08-02,64.93,70.57,392.03,hkws
2019-08-03,65.95,69.41,398.20,hkws
2019-08-04,54.39,64.22,328.44,hkws
2019-08-05,56.46,62.10,340.93,hkws
2019-08-06,60.75,65.47,366.81,hkws
2019-08-07,52.64,57.55,317.87,hkws
2019-08-08,55.19,66.33,333.25,hkws
2019-08-09,56.34,62.92,340.17,hkws
2019-08-10,61.28,64.28,370.05,hkws
2019-08-11,61.14,66.16,369.19,hkws
2019-08-12,62.17,67.74,375.40,hkws
2019-08-13,56.08,58.66,338.64,hkws
2019-08-14,59.96,63.69,362.07,hkws
2019-08-15,57.83,64.51,349.19,hkws
2019-08-16,64.28,67.94,388.14,hkws
2019-08-17,67.83,71.22,409.55,hkws
2019-08-18,66.22,72.10,399.84,hkws
2019-08-19,60.65,66.27,366.23,hkws
2019-08-20,56.23,60.88,339.51,hkws
2019-08-21,48.58,51.95,293.33,hkws
2019-08-22,56.51,63.77,341.24,hkws
2019-08-23,55.33,62.70,334.07,hkws
2019-08-24,56.31,70.84,340.01,hkws
2019-08-25,66.97,71.94,404.38,hkws
2019-08-26,61.04,66.24,368.56,hkws
2019-08-27,53.75,60.44,324.53,hkws
2019-08-28,,,,hkws
2019-08-29,64.03,69.39,386.61,hkws
2019-08-30,64.58,68.87,389.94,hkws
2019-08-31,65.66,69.80,396.44,hkws
2019-09-01,63.88,67.97,387.74,hkws
2019-09-02,61.25,66.49,371.81,hkws
2019-09-03,63.36,67.72,384.60,hkws
2019-09-04,66.63,69.30,404.41,hkws
2019-09-05,61.33,67.96,372.25,hkws
2019-09-06,55.90,61.14,339.28,hkws
2019-09-07,52.98,58.66,321.55,hkws
2019-09-08,51.16,56.07,310.55,hkws
2019-09-09,51.87,55.86,314.82,hkws
2019-09-10,49.23,55.85,298.83,hkws
2019-09-11,53.95,58.97,327.47,hkws
2019-09-12,48.26,53.97,292.93,hkws
2019-09-13,46.79,51.58,284.00,hkws
2019-09-14,54.28,63.11,329.45,hkws
2019-09-15,49.85,60.92,302.60,hkws
2019-09-16,49.82,55.37,302.37,hkws
2019-09-17,56.51,65.34,343.00,hkws
2019-09-18,50.59,59.72,307.10,hkws
2019-09-19,36.93,43.63,224.17,hkws
2019-09-20,23.70,29.65,143.85,hkws
2019-09-21,30.91,38.62,187.63,hkws
2019-09-22,31.56,35.77,191.59,hkws
2019-09-23,40.50,42.82,245.80,hkws
2019-09-24,39.39,41.84,239.07,hkws
2019-09-25,37.26,40.66,226.17,hkws
2019-09-26,39.87,42.24,241.99,hkws
2019-09-27,38.10,41.41,231.28,hkws
2019-09-28,39.51,44.47,239.82,hkws
2019-09-29,38.24,40.14,232.14,hkws
2019-09-30,34.70,37.08,210.60,hkws
2019-10-01,30.26,32.34,186.29,hkws
2019-10-02,30.77,34.00,189.40,hkws
2019-10-03,29.91,32.63,184.15,hkws
2019-10-04,33.99,38.40,209.24,hkws
2019-10-05,43.93,52.25,270.42,hkws
2019-10-06,57.85,61.36,356.12,hkws
2019-10-07,50.29,59.06,309.59,hkws
2019-10-08,42.32,48.48,260.52,hkws
2019-10-09,37.89,40.36,233.23,hkws
2019-10-10,38.31,40.71,235.87,hkws
2019-10-11,41.47,45.68,255.32,hkws
2019-10-12,51.26,61.34,315.55,hkws
2019-10-13,56.42,60.81,347.32,hkws
2019-10-14,52.11,60.10,320.80,hkws
2019-10-15,43.44,49.30,267.41,hkws
2019-10-16,38.81,41.80,238.91,hkws
2019-10-17,41.49,46.99,255.41,hkws
2019-10-18,40.00,43.88,246.26,hkws
2019-10-19,,,,hkws
2019-10-20,30.52,36.99,187.91,hkws
2019-10-21,,,,hkws
2019-10-22,32.80,39.01,201.94,hkws
2019-10-23,42.63,46.23,262.46,hkws
2019-10-24,43.15,46.38,265.61,hkws
2019-10-25,40.74,45.30,250.78,hkws
2019-10-26,40.51,44.03,249.40,hkws
2019-10-27,40.38,46.04,248.56,hkws
2019-10-28,42.94,47.29,264.33,hkws
2019-10-29,30.41,36.94,187.22,hkws
2019-10-30,39.99,48.91,246.18,hkws
2019-10-31,46.10,48.74,283.83,hkws
2019-11-01,43.19,45.59,267.33,hkws
2019-11-02,38.54,41.13,238.55,hkws
2019-11-03,39.92,42.74,247.09,hkws
2019-11-04,26.64,36.44,164.89,hkws
2019-11-05,19.48,27.00,120.54,hkws
2019-11-06,27.53,30.92,170.39,hkws
2019-11-07,17.67,21.84,109.36,hkws
2019-11-08,17.34,19.84,107.33,hkws
2019-11-09,18.37,21.45,113.68,hkws
2019-11-10,24.09,27.32,149.08,hkws
2019-11-11,26.52,31.79,164.13,hkws
2019-11-12,34.04,36.02,210.65,hkws
2019-11-13,38.08,42.20,235.71,hkws
2019-11-14,30.48,35.92,188.62,hkws
2019-11-15,23.11,26.26,143.03,hkws
2019-11-16,21.80,25.82,134.90,hkws
2019-11-17,23.22,25.59,143.73,hkws
2019-11-18,25.73,28.24,159.26,hkws
2019-11-19,,,,hkws
2019-11-20,23.70,28.55,146.68,hkws
2019-11-21,20.33,23.43,125.85,hkws
2019-11-22,20.24,23.69,125.25,hkws
2019-11-23,20.17,25.39,124.81,hkws
2019-11-24,26.79,29.87,165.79,hkws
2019-11-25,32.27,36.03,199.72,hkws
2019-11-26,33.40,35.55,206.71,hkws
2019-11-27,30.15,32.40,186.62,hkws
2019-11-28,25.07,28.61,155.19,hkws
2019-11-29,23.26,25.60,143.98,hkws
2019-11-30,21.03,23.09,130.14,hkws
2019-12-01,20.71,22.28,129.32,hkws
2019-12-02,16.83,20.70,105.08,hkws
2019-12-03,9.92,14.97,61.97,hkws
2019-12-04,18.43,33.26,115.10,hkws
2019-12-05,30.55,37.22,190.81,hkws
2019-12-06,14.01,24.86,87.52,hkws
2019-12-07,7.60,9.20,47.49,hkws
2019-12-08,10.69,15.50,66.79,hkws
2019-12-09,17.03,20.93,106.36,hkws
2019-12-10,16.56,20.42,103.40,hkws
2019-01-01,32.03,35.37,199.86,kmnm
2019-01-02,36.13,39.97,225.44,kmnm
2019-01-03,37.03,40.71,231.07,kmnm
2019-01-04,41.51,43.34,259.05,kmnm
2019-01-05,41.33,46.58,257.93,kmnm
2019-01-06,35.76,38.84,223.16,kmnm
2019-01-07,39.67,42.00,247.55,kmnm
2019-01-08,31.93,40.39,199.26,kmnm
2019-01-09,29.78,32.42,185.83,kmnm
2019-01-10,33.52,36.52,209.16,kmnm
2019-01-11,30.67,33.20,191.41,kmnm
2019-01-12,,,,kmnm
2019-01-13,22.79,26.30,142.18,kmnm
2019-01-14,29.12,33.28,181.73,kmnm
2019-01-15,31.36,34.88,195.71,kmnm
2019-01-16,29.96,33.47,186.96,kmnm
2019-01-17,14.24,24.60,88.89,kmnm
2019-01-18,16.39,25.39,102.26,kmnm
2019-01-19,25.55,30.53,159.42,kmnm
2019-01-20,27.91,32.67,174.14,kmnm
2019-01-21,21.64,23.70,135.02,kmnm
2019-01-22,11.24,18.29,70.17,kmnm
2019-01-23,9.90,15.50,61.75,kmnm
2019-01-24,14.16,20.23,88.36,kmnm
2019-01-25,,,,kmnm
2019-01-26,,,,kmnm
2019-01-27,,,,kmnm
2019-01-28,,,,kmnm
2019-01-29,19.99,23.27,124.73,kmnm
2019-01-30,23.43,30.07,146.18,kmnm
2019-01-31,24.19,30.16,150.93,kmnm
2019-02-01,25.02,30.67,155.35,kmnm
2019-02-02,30.04,32.79,186.51,kmnm
2019-02-03,31.95,34.26,198.36,kmnm
2019-02-04,28.24,32.96,175.38,kmnm
2019-02-05,22.51,26.97,139.77,kmnm
2019-02-06,17.11,22.77,106.27,kmnm
2019-02-07,25.22,28.95,156.59,kmnm
2019-02-08,26.99,32.21,167.61,kmnm
2019-02-09,28.65,33.17,177.92,kmnm
2019-02-10,25.88,28.10,160.73,kmnm
2019-02-11,26.13,30.21,162.26,kmnm
2019-02-12,30.21,33.54,187.59,kmnm
2019-02-13,31.88,34.92,197.96,kmnm
2019-02-14,29.33,34.92,182.14,kmnm
2019-02-15,29.44,33.08,182.80,kmnm
2019-02-16,31.51,33.00,195.65,kmnm
2019-02-17,31.40,34.82,195.00,kmnm
2019-02-18,35.44,44.79,220.04,kmnm
2019-02-19,36.18,40.16,224.68,kmnm
2019-02-20,33.91,37.46,210.54,kmnm
2019-02-21,34.34,40.31,213.25,kmnm
2019-02-22,24.20,29.69,150.29,kmnm
2019-02-23,35.36,40.05,219.59,kmnm
2019-02-24,30.79,39.43,191.18,kmnm
2019-02-25,30.44,32.96,189.01,kmnm
2019-02-26,28.78,32.49,178.70,kmnm
2019-02-27,33.78,38.05,209.75,kmnm
2019-02-28,31.30,35.84,194.37,kmnm
2019-03-01,31.01,33.89,192.09,kmnm
2019-03-02,36.36,42.26,225.21,kmnm
2019-03-03,22.67,41.08,140.41,kmnm
2019-03-04,21.60,40.60,133.78,kmnm
2019-03-05,38.95,42.49,241.25,kmnm
2019-03-06,39.78,43.73,246.38,kmnm
2019-03-07,36.38,39.16,225.34,kmnm
2019-03-08,38.64,46.35,239.32,kmnm
2019-03-09,40.26,45.38,249.40,kmnm
2019-03-10,32.67,37.23,202.38,kmnm
2019-03-11,20.61,30.00,127.65,kmnm
2019-03-12,13.81,19.32,85.57,kmnm
2019-03-13,26.33,33.53,163.09,kmnm
2019-03-14,37.62,42.90,233.06,kmnm
2019-03-15,26.52,37.25,164.27,kmnm
2019-03-16,29.46,33.97,182.50,kmnm
2019-03-17,35.09,40.25,217.35,kmnm
2019-03-18,33.46,36.15,207.26,kmnm
2019-03-19,32.42,35.34,200.83,kmnm
2019-03-20,33.46,38.09,207.26,kmnm
2019-03-21,28.04,35.97,173.71,kmnm
2019-03-22,39.53,44.71,244.85,kmnm
2019-03-23,37.66,43.89,233.30,kmnm
2019-03-24,40.08,45.35,248.28,kmnm
2019-03-25,27.71,46.39,171.65,kmnm
2019-03-26,30.17,33.37,186.88,kmnm
2019-03-27,33.43,36.32,207.06,kmnm
2019-03-28,36.41,42.59,225.54,kmnm
2019-03-29,40.78,50.33,252.58,kmnm
2019-03-30,22.00,28.98,136.27,kmnm
2019-03-31,37.79,45.08,234.10,kmnm
2019-04-01,38.50,42.44,235.31,kmnm
2019-04-02,39.43,42.32,241.01,kmnm
2019-04-03,41.57,46.02,254.10,kmnm
2019-04-04,43.05,46.30,263.15,kmnm
2019-04-05,30.85,37.43,188.55,kmnm
2019-04-06,34.28,40.10,209.51,kmnm
2019-04-07,36.32,45.48,222.02,kmnm
2019-04-08,37.57,44.06,229.63,kmnm
2019-04-09,35.55,42.58,217.30,kmnm
2019-04-10,39.76,45.46,243.01,kmnm
2019-04-11,44.35,52.38,271.06,kmnm
2019-04-12,44.15,49.23,269.87,kmnm
2019-04-13,47.82,53.24,292.27,kmnm
2019-04-14,44.07,49.55,269.35,kmnm
2019-04-15,43.60,49.06,266.47,kmnm
2019-04-16,38.39,50.32,234.64,kmnm
2019-04-17,19.93,22.98,121.83,kmnm
2019-04-18,39.70,56.71,242.66,kmnm
2019-04-19,51.16,57.00,312.70,kmnm
2019-04-20,51.39,59.23,314.08,kmnm
2019-04-21,51.65,57.56,315.71,kmnm
2019-04-22,,,,kmnm
2019-04-23,,,,kmnm
2019-04-24,,,,kmnm
2019-04-25,45.31,49.62,276.96,kmnm
2019-04-26,49.06,53.66,299.89,kmnm
2019-04-27,49.02,51.52,299.60,kmnm
2019-04-28,48.73,51.12,297.87,kmnm
2019-04-29,47.71,50.62,291.63,kmnm
2019-04-30,53.67,59.63,328.04,kmnm
2019-05-01,45.93,52.35,278.79,kmnm
2019-05-02,41.67,45.51,252.93,kmnm
2019-05-03,30.81,39.77,187.00,kmnm
2019-05-04,44.95,53.17,272.81,kmnm
2019-05-05,56.52,60.19,343.04,kmnm
2019-05-06,50.58,56.39,306.98,kmnm
2019-05-07,44.48,51.02,269.97,kmnm
2019-05-08,55.65,58.39,337.75,kmnm
2019-05-09,47.58,58.09,288.77,kmnm
2019-05-10,40.00,44.46,242.79,kmnm
2019-05-11,,,,kmnm
2019-05-12,,,,kmnm
2019-05-13,42.65,46.36,258.83,kmnm
2019-05-14,49.97,62.83,303.27,kmnm
2019-05-15,63.13,66.25,383.14,kmnm
2019-05-16,64.60,68.82,392.10,kmnm
2019-05-17,60.62,69.68,367.89,kmnm
2019-05-18,59.90,66.92,363.55,kmnm
2019-05-19,59.01,66.46,358.14,kmnm
2019-05-20,57.65,69.83,349.89,kmnm
2019-05-21,47.41,51.57,287.76,kmnm
2019-05-22,53.39,58.23,324.02,kmnm
2019-05-23,50.80,56.13,308.30,kmnm
2019-05-24,55.85,60.71,338.95,kmnm
2019-05-25,57.13,59.68,346.72,kmnm
2019-05-26,63.79,67.97,387.17,kmnm
2019-05-27,62.13,66.21,377.09,kmnm
2019-05-28,,,,kmnm
2019-05-29,56.24,60.55,341.35,kmnm
2019-05-30,58.58,61.00,355.57,kmnm
2019-05-31,61.36,66.00,372.39,kmnm
2019-06-01,66.37,72.03,399.27,kmnm
2019-06-02,64.75,68.66,389.52,kmnm
2019-06-03,61.30,64.80,368.75,kmnm
2019-06-04,48.39,62.08,291.08,kmnm
2019-06-05,54.88,57.76,330.14,kmnm
2019-06-06,55.73,59.08,335.27,kmnm
2019-06-07,57.51,65.10,345.99,kmnm
2019-06-08,53.98,59.34,324.74,kmnm
2019-06-09,61.68,67.42,371.05,kmnm
2019-06-10,65.25,69.92,392.53,kmnm
2019-06-11,67.85,70.36,408.18,kmnm
2019-06-12,67.68,70.32,407.17,kmnm
2019-06-13,61.32,68.81,368.91,kmnm
2019-06-14,37.79,42.05,227.36,kmnm
2019-06-15,29.95,36.46,180.17,kmnm
2019-06-16,43.90,53.98,264.07,kmnm
2019-06-17,63.86,72.02,384.16,kmnm
2019-06-18,65.35,69.94,393.13,kmnm
2019-06-19,64.78,70.71,389.70,kmnm
2019-06-20,60.70,65.12,365.16,kmnm
2019-06-21,63.41,71.57,381.44,kmnm
2019-06-22,,,,kmnm
2019-06-23,,,,kmnm
2019-06-24,67.49,72.27,405.98,kmnm
2019-06-25,68.30,72.24,410.86,kmnm
2019-06-26,63.92,67.25,384.55,kmnm
2019-06-27,63.80,67.14,383.79,kmnm
2019-06-28,57.85,61.46,348.00,kmnm
2019-06-29,58.91,61.22,354.39,kmnm
2019-06-30,59.33,62.99,356.91,kmnm
2019-07-01,57.49,60.30,345.71,kmnm
2019-07-02,70.04,75.72,421.16,kmnm
2019-07-03,70.17,74.26,421.99,kmnm
2019-07-04,67.67,72.95,406.96,kmnm
2019-07-05,61.84,67.81,371.87,kmnm
2019-07-06,60.61,70.44,364.50,kmnm
2019-07-07,56.43,60.13,339.35,kmnm
2019-07-08,,,,kmnm
2019-07-09,,,,kmnm
2019-07-10,,,,kmnm
2019-07-11,,,,kmnm
2019-07-12,,,,kmnm
2019-07-13,,,,kmnm
2019-07-14,54.40,58.52,327.12,kmnm
2019-07-15,,,,kmnm
2019-07-16,,,,kmnm
2019-07-17,46.85,54.12,281.73,kmnm
2019-07-18,55.18,58.51,331.85,kmnm
2019-07-19,59.27,66.81,356.41,kmnm
2019-07-20,66.58,70.64,400.36,kmnm
2019-07-21,67.46,72.75,405.68,kmnm
2019-07-22,62.63,69.87,376.60,kmnm
2019-07-23,58.39,61.26,351.12,kmnm
2019-07-24,56.33,58.61,338.72,kmnm
2019-07-25,58.67,62.03,352.84,kmnm
2019-07-26,62.55,66.47,376.14,kmnm
2019-07-27,62.88,68.81,378.12,kmnm
2019-07-28,61.84,65.13,371.90,kmnm
2019-07-29,56.15,60.70,337.67,kmnm
2019-07-30,54.61,56.46,328.37,kmnm
2019-07-31,58.16,66.96,349.75,kmnm
2019-08-01,63.35,66.03,381.68,kmnm
2019-08-02,60.31,66.97,363.35,kmnm
2019-08-03,51.02,53.88,307.39,kmnm
2019-08-04,57.55,62.34,346.72,kmnm
2019-08-05,58.68,61.91,353.51,kmnm
2019-08-06,46.63,58.08,280.90,kmnm
2019-08-07,51.71,62.30,311.51,kmnm
2019-08-08,58.14,63.38,350.30,kmnm
2019-08-09,51.41,56.35,309.73,kmnm
2019-08-10,52.25,61.39,314.76,kmnm
2019-08-11,61.34,64.70,369.54,kmnm
2019-08-12,55.64,59.43,335.23,kmnm
2019-08-13,59.23,62.52,356.86,kmnm
2019-08-14,,,,kmnm
2019-08-15,62.66,66.64,377.53,kmnm
2019-08-16,62.40,68.62,375.93,kmnm
2019-08-17,64.05,73.27,385.85,kmnm
2019-08-18,60.02,63.90,361.58,kmnm
2019-08-19,,,,kmnm
2019-08-20,49.68,54.63,299.28,kmnm
2019-08-21,51.25,61.47,308.79,kmnm
2019-08-22,58.58,62.50,352.89,kmnm
2019-08-23,50.45,59.73,303.92,kmnm
2019-08-24,66.34,73.77,399.68,kmnm
2019-08-25,61.46,72.63,370.29,kmnm
2019-08-26,55.32,59.14,333.27,kmnm
2019-08-27,45.24,50.33,272.56,kmnm
2019-08-28,47.61,56.83,286.84,kmnm
2019-08-29,56.87,60.43,342.59,kmnm
2019-08-30,62.58,67.65,377.02,kmnm
2019-08-31,58.70,64.08,353.67,kmnm
2019-09-01,60.71,65.63,367.93,kmnm
2019-09-02,59.12,63.90,358.31,kmnm
2019-09-03,56.33,65.72,341.40,kmnm
2019-09-04,62.18,65.78,376.84,kmnm
2019-09-05,59.46,62.85,360.36,kmnm
2019-09-06,55.82,62.66,338.33,kmnm
2019-09-07,47.57,56.11,288.30,kmnm
2019-09-08,43.57,51.63,264.08,kmnm
2019-09-09,41.54,46.28,251.76,kmnm
2019-09-10,51.29,57.81,310.89,kmnm
2019-09-11,51.26,59.57,310.71,kmnm
2019-09-12,37.50,44.47,227.27,kmnm
2019-09-13,46.32,53.27,280.73,kmnm
2019-09-14,43.72,51.94,265.02,kmnm
2019-09-15,43.12,48.76,261.37,kmnm
2019-09-16,47.16,55.91,285.86,kmnm
2019-09-17,40.58,43.41,245.97,kmnm
2019-09-18,33.55,42.14,203.34,kmnm
2019-09-19,30.34,35.89,183.92,kmnm
2019-09-20,20.60,29.92,124.84,kmnm
2019-09-21,35.94,42.06,217.84,kmnm
2019-09-22,38.11,41.77,230.98,kmnm
2019-09-23,34.36,38.96,208.24,kmnm
2019-09-24,30.03,34.22,182.02,kmnm
2019-09-25,27.22,29.50,164.96,kmnm
2019-09-26,31.71,38.06,192.20,kmnm
2019-09-27,43.02,48.01,260.72,kmnm
2019-09-28,47.08,51.54,285.33,kmnm
2019-09-29,45.67,48.26,276.79,kmnm
2019-09-30,45.15,50.61,273.67,kmnm
2019-10-01,37.66,42.06,230.46,kmnm
2019-10-02,37.74,45.60,230.91,kmnm
2019-10-03,41.56,45.92,254.29,kmnm
2019-10-04,43.26,46.20,264.69,kmnm
2019-10-05,40.75,48.53,249.31,kmnm
2019-10-06,48.66,51.98,297.75,kmnm
2019-10-07,43.79,48.12,267.92,kmnm
2019-10-08,39.09,42.35,239.17,kmnm
2019-10-09,39.59,42.48,242.23,kmnm
2019-10-10,43.86,45.86,268.39,kmnm
2019-10-11,44.08,46.21,269.74,kmnm
2019-10-12,48.68,55.37,297.88,kmnm
2019-10-13,50.03,54.97,306.11,kmnm
2019-10-14,42.87,50.90,262.32,kmnm
2019-10-15,36.95,41.70,226.09,kmnm
2019-10-16,33.41,41.09,204.43,kmnm
2019-10-17,39.02,43.66,238.77,kmnm
2019-10-18,38.20,41.03,233.74,kmnm
2019-10-19,,,,kmnm
2019-10-20,15.82,20.41,96.83,kmnm
2019-10-21,,,,kmnm
2019-10-22,25.14,36.08,153.85,kmnm
2019-10-23,38.97,42.98,238.45,kmnm
2019-10-24,39.49,42.25,241.63,kmnm
2019-10-25,39.56,45.69,242.08,kmnm
2019-10-26,41.40,42.72,253.31,kmnm
2019-10-27,41.76,45.54,255.49,kmnm
2019-10-28,,,,kmnm
2019-10-29,,,,kmnm
2019-10-30,33.30,40.29,203.73,kmnm
2019-10-31,40.59,44.01,248.38,kmnm
2019-11-01,35.60,41.13,220.18,kmnm
2019-11-02,34.26,37.68,211.89,kmnm
2019-11-03,33.41,38.42,206.63,kmnm
2019-11-04,20.39,34.77,126.12,kmnm
2019-11-05,15.78,17.88,97.61,kmnm
2019-11-06,18.19,20.15,112.52,kmnm
2019-11-07,22.60,27.86,139.79,kmnm
2019-11-08,18.50,20.17,114.45,kmnm
2019-11-09,13.09,17.71,80.95,kmnm
2019-11-10,20.09,23.26,124.23,kmnm
2019-11-11,22.45,24.22,138.85,kmnm
2019-11-12,25.16,27.68,155.63,kmnm
2019-11-13,32.17,35.36,198.99,kmnm
2019-11-14,18.84,28.30,116.52,kmnm
2019-11-15,15.79,19.00,97.69,kmnm
2019-11-16,18.11,22.30,112.03,kmnm
2019-11-17,26.32,29.53,162.80,kmnm
2019-11-18,24.91,28.26,154.07,kmnm
2019-11-19,,,,kmnm
2019-11-20,22.72,26.56,140.50,kmnm
2019-11-21,22.57,25.20,139.61,kmnm
2019-11-22,,,,kmnm
2019-11-23,23.31,26.34,144.16,kmnm
2019-11-24,31.02,34.07,191.85,kmnm
2019-11-25,33.94,36.41,209.93,kmnm
2019-11-26,30.16,32.28,186.56,kmnm
2019-11-27,29.61,32.26,183.12,kmnm
2019-11-28,24.75,29.94,153.05,kmnm
2019-11-29,22.01,24.68,136.12,kmnm
2019-11-30,23.25,25.77,143.82,kmnm
2019-12-01,22.19,25.75,138.28,kmnm
2019-12-02,16.19,23.33,100.92,kmnm
2019-12-03,10.74,12.25,66.94,kmnm
2019-12-04,,,,kmnm
2019-12-05,37.31,39.85,232.50,kmnm
2019-12-06,23.64,35.03,147.30,kmnm
2019-12-07,8.08,9.79,50.36,kmnm
2019-12-08,11.32,14.27,70.55,kmnm
2019-12-09,15.15,17.89,94.39,kmnm
2019-12-10,14.25,16.51,88.82,kmnm
2019-01-01,3.54,5.95,22.32,lhaz
2019-01-02,2.14,4.92,13.50,lhaz
2019-01-03,2.03,4.56,12.77,lhaz
2019-01-04,3.30,4.85,20.78,lhaz
2019-01-05,3.21,6.65,20.26,lhaz
2019-01-06,1.75,4.67,11.02,lhaz
2019-01-07,1.66,3.83,10.44,lhaz
2019-01-08,1.81,3.76,11.38,lhaz
2019-01-09,2.21,4.07,13.91,lhaz
2019-01-10,3.82,5.78,24.11,lhaz
2019-01-11,2.89,5.65,18.21,lhaz
2019-01-12,,,,lhaz
2019-01-13,2.12,4.76,13.37,lhaz
2019-01-14,-0.12,2.12,-0.74,lhaz
2019-01-15,3.00,4.44,18.94,lhaz
2019-01-16,3.49,5.70,21.98,lhaz
2019-01-17,2.37,4.76,14.95,lhaz
2019-01-18,2.26,4.39,14.26,lhaz
2019-01-19,3.40,4.89,21.47,lhaz
2019-01-20,3.62,5.82,22.83,lhaz
2019-01-21,3.72,10.77,23.45,lhaz
2019-01-22,2.77,5.06,17.48,lhaz
2019-01-23,3.62,5.05,22.84,lhaz
2019-01-24,2.76,5.01,17.38,lhaz
2019-01-25,3.41,5.16,21.48,lhaz
2019-01-26,4.65,7.44,29.29,lhaz
2019-01-27,2.77,5.95,17.44,lhaz
2019-01-28,2.01,4.49,12.67,lhaz
2019-01-29,1.80,3.90,11.34,lhaz
2019-01-30,4.12,5.36,26.00,lhaz
2019-01-31,,,,lhaz
2019-02-01,,,,lhaz
2019-02-02,,,,lhaz
2019-02-03,1.96,2.98,12.31,lhaz
2019-02-04,3.23,5.18,20.24,lhaz
2019-02-05,,,,lhaz
2019-02-06,,,,lhaz
2019-02-07,3.62,6.28,22.70,lhaz
2019-02-08,5.40,7.87,33.85,lhaz
2019-02-09,4.95,6.72,31.05,lhaz
2019-02-10,4.71,5.98,29.55,lhaz
2019-02-11,4.65,6.31,29.13,lhaz
2019-02-12,5.02,6.88,31.48,lhaz
2019-02-13,4.87,6.30,30.55,lhaz
2019-02-14,4.90,7.29,30.70,lhaz
2019-02-15,4.87,7.18,30.54,lhaz
2019-02-16,3.59,6.45,22.53,lhaz
2019-02-17,1.70,3.31,10.67,lhaz
2019-02-18,0.75,3.29,4.69,lhaz
2019-02-19,1.36,3.30,8.55,lhaz
2019-02-20,2.61,4.45,16.33,lhaz
2019-02-21,3.35,5.64,20.99,lhaz
2019-02-22,1.80,3.49,11.30,lhaz
2019-02-23,0.90,2.59,5.66,lhaz
2019-02-24,2.01,4.50,12.63,lhaz
2019-02-25,1.98,3.78,12.40,lhaz
2019-02-26,2.22,4.57,13.91,lhaz
2019-02-27,1.68,4.37,10.54,lhaz
2019-02-28,0.63,2.44,3.93,lhaz
2019-03-01,2.61,3.93,16.14,lhaz
2019-03-02,3.27,4.55,20.19,lhaz
2019-03-03,3.68,5.69,22.73,lhaz
2019-03-04,2.50,5.96,15.42,lhaz
2019-03-05,1.88,4.07,11.61,lhaz
2019-03-06,1.22,2.65,7.53,lhaz
2019-03-07,0.81,3.50,5.02,lhaz
2019-03-08,1.72,4.03,10.64,lhaz
2019-03-09,,,,lhaz
2019-03-10,2.25,3.55,13.90,lhaz
2019-03-11,1.47,4.23,9.06,lhaz
2019-03-12,1.56,3.32,9.62,lhaz
2019-03-13,3.45,5.42,21.30,lhaz
2019-03-14,4.77,6.76,29.45,lhaz
2019-03-15,3.69,7.18,22.77,lhaz
2019-03-16,2.87,5.98,17.72,lhaz
2019-03-17,5.07,8.37,31.28,lhaz
2019-03-18,6.69,8.46,41.28,lhaz
2019-03-19,4.96,7.69,30.62,lhaz
2019-03-20,4.67,7.40,28.83,lhaz
2019-03-21,3.45,6.32,21.28,lhaz
2019-03-22,2.92,4.96,18.02,lhaz
2019-03-23,4.56,7.42,28.12,lhaz
2019-03-24,3.30,5.34,20.37,lhaz
2019-03-25,4.47,7.83,27.59,lhaz
2019-03-26,6.77,10.00,41.79,lhaz
2019-03-27,5.57,8.93,34.39,lhaz
2019-03-28,5.59,7.20,34.52,lhaz
2019-03-29,4.55,6.41,28.07,lhaz
2019-03-30,6.86,13.44,42.36,lhaz
2019-03-31,10.57,11.96,65.25,lhaz
2019-04-01,8.21,10.40,49.82,lhaz
2019-04-02,7.87,12.95,47.72,lhaz
2019-04-03,7.03,9.27,42.62,lhaz
2019-04-04,4.89,6.69,29.67,lhaz
2019-04-05,5.10,6.73,30.91,lhaz
2019-04-06,8.03,11.62,48.68,lhaz
2019-04-07,9.81,12.49,59.49,lhaz
2019-04-08,5.14,10.41,31.20,lhaz
2019-04-09,6.59,9.90,39.96,lhaz
2019-04-10,4.85,7.57,29.44,lhaz
2019-04-11,5.32,7.77,32.27,lhaz
2019-04-12,,,,lhaz
2019-04-13,,,,lhaz
2019-04-14,,,,lhaz
2019-04-15,,,,lhaz
2019-04-16,,,,lhaz
2019-04-17,,,,lhaz
2019-04-18,,,,lhaz
2019-04-19,,,,lhaz
2019-04-20,,,,lhaz
2019-04-21,,,,lhaz
2019-04-22,11.55,14.15,70.03,lhaz
2019-04-23,8.46,12.73,51.30,lhaz
2019-04-24,9.31,12.43,56.48,lhaz
2019-04-25,,,,lhaz
2019-04-26,,,,lhaz
2019-04-27,,,,lhaz
2019-04-28,,,,lhaz
2019-04-29,,,,lhaz
2019-04-30,,,,lhaz
2019-05-01,7.91,13.55,47.55,lhaz
2019-05-02,6.38,9.79,38.36,lhaz
2019-05-03,13.74,17.15,82.54,lhaz
2019-05-04,14.17,17.30,85.14,lhaz
2019-05-05,7.96,12.49,47.82,lhaz
2019-05-06,5.81,13.35,34.93,lhaz
2019-05-07,4.24,8.20,25.50,lhaz
2019-05-08,2.98,6.05,17.92,lhaz
2019-05-09,,,,lhaz
2019-05-10,,,,lhaz
2019-05-11,,,,lhaz
2019-05-12,,,,lhaz
2019-05-13,,,,lhaz
2019-05-14,,,,lhaz
2019-05-15,,,,lhaz
2019-05-16,,,,lhaz
2019-05-17,,,,lhaz
2019-05-18,,,,lhaz
2019-05-19,,,,lhaz
2019-05-20,,,,lhaz
2019-05-21,,,,lhaz
2019-05-22,,,,lhaz
2019-05-23,14.41,16.72,86.58,lhaz
2019-05-24,13.60,17.03,81.70,lhaz
2019-05-25,11.72,15.78,70.44,lhaz
2019-05-26,13.21,18.22,79.39,lhaz
2019-05-27,12.74,16.70,76.59,lhaz
2019-05-28,14.01,20.56,84.22,lhaz
2019-05-29,13.98,18.63,84.04,lhaz
2019-05-30,16.19,18.26,97.31,lhaz
2019-05-31,10.24,17.01,61.53,lhaz
2019-06-01,7.91,11.08,47.04,lhaz
2019-06-02,10.96,16.09,65.16,lhaz
2019-06-03,14.61,20.38,86.88,lhaz
2019-06-04,13.94,17.68,82.88,lhaz
2019-06-05,13.00,18.78,77.29,lhaz
2019-06-06,15.89,20.41,94.47,lhaz
2019-06-07,14.94,20.45,88.81,lhaz
2019-06-08,12.95,18.14,77.00,lhaz
2019-06-09,12.56,15.56,74.68,lhaz
2019-06-10,14.01,18.83,83.26,lhaz
2019-06-11,17.20,20.27,102.23,lhaz
2019-06-12,16.23,19.91,96.47,lhaz
2019-06-13,14.43,18.47,85.76,lhaz
2019-06-14,13.82,24.10,82.13,lhaz
2019-06-15,14.55,17.27,86.47,lhaz
2019-06-16,12.48,16.40,74.18,lhaz
2019-06-17,14.18,16.89,84.29,lhaz
2019-06-18,12.08,14.80,71.78,lhaz
2019-06-19,13.03,18.14,77.45,lhaz
2019-06-20,14.46,17.97,85.96,lhaz
2019-06-21,14.17,19.37,84.23,lhaz
2019-06-22,18.18,21.12,108.07,lhaz
2019-06-23,16.96,20.09,100.79,lhaz
2019-06-24,19.45,23.76,115.60,lhaz
2019-06-25,18.60,22.33,110.58,lhaz
2019-06-26,18.59,22.02,110.52,lhaz
2019-06-27,17.93,20.61,106.61,lhaz
2019-06-28,15.31,20.34,91.00,lhaz
2019-06-29,14.63,22.34,86.96,lhaz
2019-06-30,17.04,20.00,101.29,lhaz
2019-07-01,17.88,21.68,106.72,lhaz
2019-07-02,21.60,28.44,128.88,lhaz
2019-07-03,24.94,28.59,148.82,lhaz
2019-07-04,24.27,28.13,144.85,lhaz
2019-07-05,22.97,27.78,137.09,lhaz
2019-07-06,22.62,26.47,134.98,lhaz
2019-07-07,,,,lhaz
2019-07-08,,,,lhaz
2019-07-09,24.82,28.11,148.14,lhaz
2019-07-10,25.38,29.47,151.47,lhaz
2019-07-11,25.76,29.41,153.75,lhaz
2019-07-12,25.44,27.88,151.80,lhaz
2019-07-13,24.11,26.93,143.89,lhaz
2019-07-14,23.74,27.36,141.69,lhaz
2019-07-15,20.68,24.71,123.41,lhaz
2019-07-16,19.48,22.98,116.22,lhaz
2019-07-17,21.28,24.55,127.02,lhaz
2019-07-18,21.31,25.81,127.14,lhaz
2019-07-19,20.37,25.37,121.53,lhaz
2019-07-20,22.21,25.55,132.57,lhaz
2019-07-21,23.43,25.10,139.84,lhaz
2019-07-22,23.55,26.15,140.52,lhaz
2019-07-23,21.79,25.05,130.01,lhaz
2019-07-24,13.85,19.91,82.67,lhaz
2019-07-25,20.04,23.30,119.61,lhaz
2019-07-26,23.21,25.39,138.49,lhaz
2019-07-27,24.11,26.91,143.87,lhaz
2019-07-28,23.55,26.54,140.55,lhaz
2019-07-29,25.80,28.52,153.95,lhaz
2019-07-30,25.05,27.85,149.50,lhaz
2019-07-31,,,,lhaz
2019-08-01,,,,lhaz
2019-08-02,,,,lhaz
2019-08-03,,,,lhaz
2019-08-04,,,,lhaz
2019-08-05,,,,lhaz
2019-08-06,24.09,26.58,144.00,lhaz
2019-08-07,22.76,25.57,136.06,lhaz
2019-08-08,24.03,27.14,143.61,lhaz
2019-08-09,,,,lhaz
2019-08-10,,,,lhaz
2019-08-11,,,,lhaz
2019-08-12,,,,lhaz
2019-08-13,,,,lhaz
2019-08-14,,,,lhaz
2019-08-15,,,,lhaz
2019-08-16,,,,lhaz
2019-08-17,,,,lhaz
2019-08-18,,,,lhaz
2019-08-19,,,,lhaz
2019-08-20,,,,lhaz
2019-08-21,17.73,21.08,105.99,lhaz
2019-08-22,15.88,19.06,94.94,lhaz
2019-08-23,21.51,26.53,128.56,lhaz
2019-08-24,21.66,26.55,129.45,lhaz
2019-08-25,16.75,19.38,100.09,lhaz
2019-08-26,15.75,18.48,94.14,lhaz
2019-08-27,,,,lhaz
2019-08-28,,,,lhaz
2019-08-29,19.10,27.70,114.14,lhaz
2019-08-30,22.89,26.93,136.78,lhaz
2019-08-31,20.19,23.82,120.67,lhaz
2019-09-01,20.49,26.94,123.42,lhaz
2019-09-02,23.96,26.70,144.31,lhaz
2019-09-03,24.26,26.75,146.18,lhaz
2019-09-04,21.86,25.12,131.67,lhaz
2019-09-05,18.13,23.34,109.24,lhaz
2019-09-06,21.76,25.72,131.12,lhaz
2019-09-07,23.20,26.09,139.78,lhaz
2019-09-08,20.18,24.02,121.60,lhaz
2019-09-09,20.17,22.49,121.53,lhaz
2019-09-10,20.02,23.90,120.60,lhaz
2019-09-11,22.66,27.49,136.54,lhaz
2019-09-12,23.08,25.74,139.01,lhaz
2019-09-13,22.05,26.22,132.81,lhaz
2019-09-14,20.79,23.45,125.24,lhaz
2019-09-15,20.14,23.85,121.35,lhaz
2019-09-16,19.84,23.05,119.50,lhaz
2019-09-17,20.11,22.56,121.13,lhaz
2019-09-18,20.05,24.24,120.79,lhaz
2019-09-19,,,,lhaz
2019-09-20,,,,lhaz
2019-09-21,,,,lhaz
2019-09-22,,,,lhaz
2019-09-23,,,,lhaz
2019-09-24,11.40,17.17,68.70,lhaz
2019-09-25,9.83,11.72,59.23,lhaz
2019-09-26,10.61,13.03,63.93,lhaz
2019-09-27,13.25,17.25,79.84,lhaz
2019-09-28,19.31,20.93,116.30,lhaz
2019-09-29,16.53,18.64,99.56,lhaz
2019-09-30,14.72,17.53,88.68,lhaz
2019-10-01,13.09,14.98,80.53,lhaz
2019-10-02,13.64,16.02,83.94,lhaz
2019-10-03,13.97,16.14,85.99,lhaz
2019-10-04,11.94,15.05,73.46,lhaz
2019-10-05,12.52,14.42,77.02,lhaz
2019-10-06,15.13,18.81,93.12,lhaz
2019-10-07,,,,lhaz
2019-10-08,14.18,16.01,87.24,lhaz
2019-10-09,10.12,14.28,62.31,lhaz
2019-10-10,5.41,8.50,33.27,lhaz
2019-10-11,7.95,10.07,48.92,lhaz
2019-10-12,7.69,11.83,47.32,lhaz
2019-10-13,7.29,9.59,44.85,lhaz
2019-10-14,7.49,10.76,46.09,lhaz
2019-10-15,9.61,12.13,59.13,lhaz
2019-10-16,9.89,12.67,60.86,lhaz
2019-10-17,8.53,10.14,52.50,lhaz
2019-10-18,10.05,11.65,61.87,lhaz
2019-10-19,,,,lhaz
2019-10-20,11.08,13.20,68.21,lhaz
2019-10-21,,,,lhaz
2019-10-22,4.63,8.46,28.47,lhaz
2019-10-23,7.68,11.25,47.28,lhaz
2019-10-24,6.81,11.39,41.88,lhaz
2019-10-25,10.03,15.97,61.73,lhaz
2019-10-26,7.99,14.27,49.19,lhaz
2019-10-27,5.69,9.15,35.00,lhaz
2019-10-28,6.10,8.44,37.56,lhaz
2019-10-29,5.86,8.15,36.06,lhaz
2019-10-30,6.54,9.65,40.25,lhaz
2019-10-31,9.19,11.98,56.57,lhaz
2019-11-01,10.05,20.33,62.32,lhaz
2019-11-02,7.49,9.50,46.42,lhaz
2019-11-03,8.29,14.99,51.39,lhaz
2019-11-04,5.75,8.52,35.66,lhaz
2019-11-05,5.45,7.78,33.79,lhaz
2019-11-06,4.43,8.09,27.48,lhaz
2019-11-07,7.02,8.88,43.48,lhaz
2019-11-08,7.14,8.99,44.22,lhaz
2019-11-09,6.45,8.60,39.97,lhaz
2019-11-10,3.83,7.65,23.72,lhaz
2019-11-11,2.42,4.93,14.99,lhaz
2019-11-12,4.54,6.41,28.12,lhaz
2019-11-13,5.24,8.15,32.47,lhaz
2019-11-14,5.49,8.11,34.05,lhaz
2019-11-15,4.00,7.00,24.80,lhaz
2019-11-16,4.10,6.18,25.43,lhaz
2019-11-17,4.52,7.08,28.01,lhaz
2019-11-18,2.71,5.65,16.83,lhaz
2019-11-19,,,,lhaz
2019-11-20,3.35,5.41,20.77,lhaz
2019-11-21,3.78,5.55,23.44,lhaz
2019-11-22,4.36,6.27,27.03,lhaz
2019-11-23,4.06,6.65,25.17,lhaz
2019-11-24,3.05,5.47,18.91,lhaz
2019-11-25,2.79,6.04,17.32,lhaz
2019-11-26,2.68,5.36,16.63,lhaz
2019-11-27,3.78,6.16,23.44,lhaz
2019-11-28,3.84,6.22,23.78,lhaz
2019-11-29,3.47,6.30,21.53,lhaz
2019-11-30,1.63,4.78,10.11,lhaz
2019-12-01,1.39,4.24,8.71,lhaz
2019-12-02,1.46,4.77,9.13,lhaz
2019-12-03,3.78,5.54,23.67,lhaz
2019-12-04,3.99,5.69,24.99,lhaz
2019-12-05,4.52,7.09,28.29,lhaz
2019-12-06,3.64,6.28,22.77,lhaz
2019-12-07,2.87,5.96,17.99,lhaz
2019-12-08,2.86,5.51,17.93,lhaz
2019-12-09,2.72,5.19,17.05,lhaz
2019-12-10,1.58,4.21,9.91,lhaz
2019-01-01,14.71,19.76,94.91,shao
2019-01-02,18.86,21.55,121.70,shao
2019-01-03,19.45,31.30,125.52,shao
2019-01-04,,,,shao
2019-01-05,,,,shao
2019-01-06,12.01,17.42,77.50,shao
2019-01-07,19.10,24.13,123.28,shao
2019-01-08,21.29,27.39,137.44,shao
2019-01-09,26.61,29.71,171.76,shao
2019-01-10,25.86,28.61,166.89,shao
2019-01-11,20.76,26.78,133.96,shao
2019-01-12,,,,shao
2019-01-13,10.37,14.69,66.92,shao
2019-01-14,18.64,23.01,120.28,shao
2019-01-15,16.33,18.68,105.37,shao
2019-01-16,10.63,15.64,68.59,shao
2019-01-17,6.40,9.32,41.32,shao
2019-01-18,7.48,16.69,48.29,shao
2019-01-19,17.00,20.82,109.70,shao
2019-01-20,9.57,12.17,61.77,shao
2019-01-21,7.32,9.95,47.23,shao
2019-01-22,2.93,6.04,18.91,shao
2019-01-23,3.09,4.15,19.92,shao
2019-01-24,3.38,7.39,21.80,shao
2019-01-25,10.84,14.70,69.99,shao
2019-01-26,8.14,9.44,52.55,shao
2019-01-27,9.42,14.77,60.83,shao
2019-01-28,19.27,22.24,124.35,shao
2019-01-29,21.19,25.03,136.79,shao
2019-01-30,23.07,26.27,148.92,shao
2019-01-31,11.03,20.38,71.19,shao
2019-02-01,8.08,14.81,52.00,shao
2019-02-02,18.45,21.12,118.75,shao
2019-02-03,17.03,23.16,109.58,shao
2019-02-04,14.53,18.43,93.48,shao
2019-02-05,14.24,18.89,91.66,shao
2019-02-06,14.86,25.66,95.64,shao
2019-02-07,19.82,24.30,127.58,shao
2019-02-08,20.00,23.89,128.70,shao
2019-02-09,20.63,23.55,132.79,shao
2019-02-10,19.82,23.52,127.53,shao
2019-02-11,17.28,20.83,111.19,shao
2019-02-12,24.79,29.25,159.52,shao
2019-02-13,21.07,26.93,135.62,shao
2019-02-14,21.27,27.20,136.86,shao
2019-02-15,23.96,27.74,154.17,shao
2019-02-16,16.70,21.31,107.45,shao
2019-02-17,20.95,26.83,134.83,shao
2019-02-18,27.38,31.46,176.19,shao
2019-02-19,21.11,27.68,135.88,shao
2019-02-20,25.36,28.79,163.20,shao
2019-02-21,23.04,26.79,148.28,shao
2019-02-22,13.89,17.82,89.38,shao
2019-02-23,11.82,17.16,76.06,shao
2019-02-24,12.47,16.10,80.28,shao
2019-02-25,10.38,14.62,66.81,shao
2019-02-26,18.87,23.74,121.44,shao
2019-02-27,20.64,25.72,132.82,shao
2019-02-28,15.32,19.05,98.62,shao
2019-03-01,23.04,27.06,146.16,shao
2019-03-02,21.67,27.28,137.46,shao
2019-03-03,12.07,19.38,76.53,shao
2019-03-04,8.47,16.39,53.70,shao
2019-03-05,23.32,27.90,147.89,shao
2019-03-06,12.02,20.52,76.27,shao
2019-03-07,7.37,10.63,46.75,shao
2019-03-08,15.76,26.63,99.99,shao
2019-03-09,20.94,26.89,132.80,shao
2019-03-10,9.80,18.15,62.14,shao
2019-03-11,6.30,12.52,39.94,shao
2019-03-12,7.19,10.41,45.60,shao
2019-03-13,14.53,24.35,92.19,shao
2019-03-14,12.62,22.32,80.03,shao
2019-03-15,8.28,11.85,52.54,shao
2019-03-16,7.98,9.77,50.58,shao
2019-03-17,13.41,23.47,85.08,shao
2019-03-18,16.41,23.32,104.09,shao
2019-03-19,15.46,35.29,98.07,shao
2019-01-01,4.18,7.37,27.66,urum
2019-01-02,3.66,5.45,24.25,urum
2019-01-03,4.94,7.03,32.72,urum
2019-01-04,0.83,3.66,5.53,urum
2019-01-05,4.20,5.94,27.79,urum
2019-01-06,,,,urum
2019-01-07,,,,urum
2019-01-08,,,,urum
2019-01-09,,,,urum
2019-01-10,0.78,3.00,5.19,urum
2019-01-11,-0.07,1.83,-0.48,urum
2019-01-12,,,,urum
2019-01-13,5.69,7.48,37.68,urum
2019-01-14,,,,urum
2019-01-15,0.24,2.43,1.57,urum
2019-01-16,4.10,7.63,27.14,urum
2019-01-17,5.60,8.34,37.05,urum
2019-01-18,5.20,19.47,34.44,urum
2019-01-19,3.71,6.29,24.55,urum
2019-01-20,,,,urum
2019-01-21,2.70,5.67,17.85,urum
2019-01-22,,,,urum
2019-01-23,,,,urum
2019-01-24,,,,urum
2019-01-25,5.06,6.43,33.51,urum
2019-01-26,2.12,5.14,14.05,urum
2019-01-27,1.16,2.26,7.66,urum
2019-01-28,4.37,5.78,28.91,urum
2019-01-29,,,,urum
2019-01-30,0.77,2.86,5.07,urum
2019-01-31,0.32,3.46,2.09,urum
2019-02-01,3.50,4.23,23.20,urum
2019-02-02,4.24,5.75,28.13,urum
2019-02-03,3.41,7.01,22.60,urum
2019-02-04,1.20,5.37,7.96,urum
2019-02-05,1.82,3.10,12.09,urum
2019-02-06,2.83,4.91,18.74,urum
2019-02-07,4.03,5.43,26.69,urum
2019-02-08,4.29,5.27,28.46,urum
2019-02-09,2.66,6.01,17.65,urum
2019-02-10,1.85,4.66,12.27,urum
2019-02-11,2.07,3.86,13.71,urum
2019-02-12,3.88,6.69,25.70,urum
2019-02-13,2.81,5.76,18.62,urum
2019-02-14,2.16,4.94,14.31,urum
2019-02-15,3.09,4.50,20.50,urum
2019-02-16,3.53,5.27,23.40,urum
2019-02-17,-0.92,2.12,-6.08,urum
2019-02-18,-0.64,0.55,-4.24,urum
2019-02-19,,,,urum
2019-02-20,1.25,2.72,8.28,urum
2019-02-21,4.91,8.58,32.57,urum
2019-02-22,8.28,10.44,54.92,urum
2019-02-23,5.63,7.80,37.36,urum
2019-02-24,2.47,3.95,16.36,urum
2019-02-25,1.23,3.27,8.17,urum
2019-02-26,1.52,3.02,10.05,urum
2019-02-27,0.25,2.40,1.63,urum
2019-02-28,-1.22,0.04,-8.10,urum
2019-03-01,-0.49,1.02,-3.13,urum
2019-03-02,-0.97,1.01,-6.24,urum
2019-03-03,0.06,2.16,0.37,urum
2019-03-04,1.49,3.62,9.59,urum
2019-03-05,3.89,5.53,25.04,urum
2019-03-06,5.45,7.68,35.04,urum
2019-03-07,4.44,6.01,28.58,urum
2019-03-08,5.86,7.88,37.70,urum
2019-03-09,5.38,7.55,34.57,urum
2019-03-10,5.10,7.12,32.78,urum
2019-03-11,4.89,6.66,31.44,urum
2019-03-12,6.20,8.24,39.87,urum
2019-03-13,3.78,5.66,24.33,urum
2019-03-14,3.06,4.63,19.68,urum
2019-03-15,3.37,9.45,21.67,urum
2019-03-16,2.76,4.88,17.73,urum
2019-03-17,1.25,4.64,8.06,urum
2019-03-18,3.68,7.79,23.69,urum
2019-03-19,0.94,3.32,6.06,urum
2019-03-20,1.49,3.39,9.61,urum
2019-03-21,4.45,6.73,28.60,urum
2019-03-22,3.81,6.21,24.51,urum
2019-03-23,3.59,6.04,23.08,urum
2019-03-24,4.95,10.15,31.84,urum
2019-03-25,9.92,12.85,63.82,urum
2019-03-26,7.90,12.35,50.79,urum
2019-03-27,5.17,8.16,33.26,urum
2019-03-28,5.04,7.66,32.45,urum
2019-03-29,7.42,11.69,47.75,urum
2019-03-30,5.53,9.11,35.54,urum
2019-03-31,,,,urum
2019-04-01,,,,urum
2019-04-02,9.15,12.11,58.00,urum
2019-04-03,7.38,12.04,46.80,urum
2019-04-04,6.56,13.31,41.59,urum
2019-04-05,9.47,12.27,60.02,urum
2019-04-06,14.41,17.04,91.37,urum
2019-04-07,6.54,12.64,41.47,urum
2019-04-08,2.60,5.81,16.48,urum
2019-04-09,2.32,7.84,14.68,urum
2019-04-10,9.51,18.27,60.28,urum
2019-04-11,13.10,16.69,83.05,urum
2019-04-12,,,,urum
2019-04-13,9.34,13.15,59.21,urum
2019-04-14,5.41,12.55,34.29,urum
2019-04-15,2.38,8.14,15.12,urum
2019-04-16,13.36,17.22,84.68,urum
2019-04-17,14.92,19.92,94.57,urum
2019-04-18,6.06,11.57,38.39,urum
2019-04-19,8.59,11.51,54.47,urum
2019-04-20,11.70,16.25,74.16,urum
2019-04-21,14.66,20.29,92.92,urum
2019-04-22,16.99,22.06,107.71,urum
2019-04-23,14.75,17.96,93.48,urum
2019-04-24,12.66,15.90,80.29,urum
2019-04-25,17.78,22.06,112.75,urum
2019-04-26,14.07,17.54,89.22,urum
2019-04-27,12.03,15.42,76.25,urum
2019-04-28,10.38,12.98,65.83,urum
2019-04-29,10.10,12.77,64.01,urum
2019-04-30,8.57,15.37,54.30,urum
2019-05-01,17.59,20.85,110.05,urum
2019-05-02,12.47,17.38,78.07,urum
2019-05-03,15.50,21.49,97.00,urum
2019-05-04,18.15,21.18,113.60,urum
2019-05-05,16.23,18.46,101.57,urum
2019-05-06,14.84,18.13,92.84,urum
2019-05-07,13.91,15.23,87.04,urum
2019-05-08,12.90,14.34,80.74,urum
2019-05-09,9.97,13.01,62.41,urum
2019-05-10,8.49,11.10,53.14,urum
2019-05-11,6.90,9.85,43.19,urum
2019-05-12,6.95,9.34,43.51,urum
2019-05-13,11.87,16.77,74.29,urum
2019-05-14,11.01,16.16,68.87,urum
2019-05-15,9.99,14.11,62.52,urum
2019-05-16,12.59,14.12,78.80,urum
2019-05-17,8.69,11.53,54.39,urum
2019-05-18,4.53,5.96,28.33,urum
2019-05-19,7.68,9.62,48.09,urum
2019-05-20,9.33,11.57,58.41,urum
2019-05-21,8.70,12.53,54.44,urum
2019-05-22,17.74,26.77,111.03,urum
2019-05-23,16.71,22.05,104.56,urum
2019-05-24,7.81,11.32,48.90,urum
2019-05-25,6.15,11.05,38.49,urum
2019-05-26,,,,urum
2019-05-27,22.80,26.11,142.67,urum
2019-05-28,16.99,24.41,106.30,urum
2019-05-29,11.69,14.52,73.19,urum
2019-05-30,6.29,9.47,39.35,urum
2019-05-31,12.75,17.04,79.77,urum
2019-06-01,12.79,15.59,78.64,urum
2019-06-02,19.43,24.64,119.45,urum
2019-06-03,18.02,25.19,110.79,urum
2019-06-04,18.52,25.74,113.87,urum
2019-06-05,21.41,26.56,131.65,urum
2019-06-06,20.30,27.82,124.80,urum
2019-06-07,20.94,29.57,128.72,urum
2019-06-08,10.68,20.11,65.65,urum
2019-06-09,18.18,28.73,111.74,urum
2019-06-10,20.03,25.46,123.16,urum
2019-06-11,25.51,27.19,156.81,urum
2019-06-12,27.65,31.18,169.95,urum
2019-06-13,19.92,26.55,122.43,urum
2019-06-14,16.88,20.27,103.75,urum
2019-06-15,16.10,20.95,98.98,urum
2019-06-16,22.59,32.21,138.87,urum
2019-06-17,16.53,22.51,101.63,urum
2019-06-18,17.06,22.26,104.89,urum
2019-06-19,22.39,27.14,137.66,urum
2019-06-20,29.03,33.17,178.44,urum
2019-06-21,26.53,29.20,163.07,urum
2019-06-22,24.74,28.13,152.11,urum
2019-06-23,28.06,33.15,172.48,urum
2019-06-24,21.07,24.21,129.50,urum
2019-06-25,21.18,24.07,130.20,urum
2019-06-26,19.27,21.44,118.47,urum
2019-06-27,16.45,20.20,101.11,urum
2019-06-28,13.64,16.21,83.87,urum
2019-06-29,17.97,20.54,110.44,urum
2019-06-30,20.45,23.18,125.71,urum
2019-07-01,19.65,23.87,119.46,urum
2019-07-02,19.02,22.05,115.64,urum
2019-07-03,16.28,18.69,98.95,urum
2019-07-04,27.60,34.09,167.80,urum
2019-07-05,20.22,29.00,122.92,urum
2019-07-06,13.46,18.70,81.84,urum
2019-07-07,18.43,27.50,112.02,urum
2019-07-08,26.54,29.08,161.33,urum
2019-07-09,22.13,27.61,134.51,urum
2019-07-10,28.38,38.37,172.54,urum
2019-07-11,15.07,23.39,91.64,urum
2019-07-12,16.02,19.00,97.40,urum
2019-07-13,16.00,19.02,97.26,urum
2019-07-14,16.77,23.19,101.97,urum
2019-07-15,,,,urum
2019-07-16,,,,urum
2019-07-17,19.95,25.68,121.26,urum
2019-07-18,21.11,26.20,128.33,urum
2019-07-19,17.46,22.21,106.14,urum
2019-07-20,19.59,27.68,119.06,urum
2019-07-21,20.47,24.16,124.44,urum
2019-07-22,20.43,24.95,124.20,urum
2019-07-23,20.37,23.89,123.84,urum
2019-07-24,20.06,27.29,121.92,urum
2019-07-25,24.84,28.64,151.00,urum
2019-07-26,14.63,18.41,88.96,urum
2019-07-27,19.98,25.67,121.44,urum
2019-07-28,12.89,18.72,78.35,urum
2019-07-29,14.52,17.97,88.28,urum
2019-07-30,22.38,33.19,136.08,urum
2019-07-31,20.97,34.87,127.47,urum
2019-08-01,23.15,29.95,141.14,urum
2019-08-02,14.96,23.28,91.23,urum
2019-08-03,21.32,26.41,129.98,urum
2019-08-04,26.51,29.90,161.64,urum
2019-08-05,28.70,31.39,175.04,urum
2019-08-06,19.48,25.70,118.76,urum
2019-08-07,18.27,22.99,111.41,urum
2019-08-08,12.23,19.23,74.55,urum
2019-08-09,10.69,19.85,65.21,urum
2019-08-10,26.29,36.96,160.29,urum
2019-08-11,11.90,16.78,72.55,urum
2019-08-12,10.48,12.57,63.93,urum
2019-08-13,13.27,18.40,80.94,urum
2019-08-14,18.75,25.03,114.35,urum
2019-08-15,27.25,32.56,166.16,urum
2019-08-16,19.49,25.49,118.83,urum
2019-08-17,26.32,31.58,160.47,urum
2019-08-18,24.10,29.89,146.95,urum
2019-08-19,19.63,26.17,119.69,urum
2019-08-20,24.05,28.97,146.64,urum
2019-08-21,20.30,23.20,123.79,urum
2019-08-22,19.63,26.54,119.71,urum
2019-08-23,22.60,26.91,137.82,urum
2019-08-24,24.88,30.77,151.71,urum
2019-08-25,23.36,29.36,142.42,urum
2019-08-26,15.11,23.61,92.16,urum
2019-08-27,17.17,21.37,104.73,urum
2019-08-28,21.77,26.42,132.78,urum
2019-08-29,16.72,22.82,101.96,urum
2019-08-30,19.30,29.30,117.69,urum
2019-08-31,26.06,32.92,158.89,urum
2019-09-01,21.69,33.41,134.91,urum
2019-09-02,26.91,31.56,167.37,urum
2019-09-03,19.55,28.86,121.61,urum
2019-09-04,18.75,27.16,116.61,urum
2019-09-05,17.98,27.25,111.80,urum
2019-09-06,16.59,24.59,103.20,urum
2019-09-07,18.12,24.94,112.69,urum
2019-09-08,15.15,18.50,94.23,urum
2019-09-09,17.93,21.57,111.48,urum
2019-09-10,22.14,25.79,137.71,urum
2019-09-11,14.04,19.42,87.34,urum
2019-09-12,12.38,15.17,77.00,urum
2019-09-13,10.62,15.08,66.03,urum
2019-09-14,8.58,11.37,53.35,urum
2019-09-15,9.97,13.08,62.00,urum
2019-09-16,16.17,21.55,100.57,urum
2019-09-17,18.93,23.31,117.71,urum
2019-09-18,11.69,16.20,72.67,urum
2019-09-19,10.91,14.24,67.83,urum
2019-09-20,11.92,14.19,74.16,urum
2019-09-21,10.85,12.68,67.51,urum
2019-09-22,7.61,9.87,47.32,urum
2019-09-23,8.72,12.87,54.20,urum
2019-09-24,12.05,16.80,74.97,urum
2019-09-25,16.05,20.21,99.83,urum
2019-09-26,16.01,21.95,99.60,urum
2019-09-27,13.26,18.25,82.46,urum
2019-09-28,15.36,25.73,95.50,urum
2019-09-29,11.18,17.02,69.52,urum
2019-09-30,18.36,22.40,114.18,urum
2019-10-01,14.74,17.98,93.58,urum
2019-10-02,13.65,17.40,86.69,urum
2019-10-03,11.96,14.91,75.95,urum
2019-10-04,10.82,12.41,68.72,urum
2019-10-05,11.14,17.00,70.77,urum
2019-10-06,10.49,12.30,66.63,urum
2019-10-07,8.78,9.94,55.75,urum
2019-10-08,11.12,14.62,70.61,urum
2019-10-09,11.72,13.40,74.42,urum
2019-10-10,11.06,12.64,70.27,urum
2019-10-11,,,,urum
2019-10-12,,,,urum
2019-10-13,13.72,15.22,87.11,urum
2019-10-14,8.62,11.63,54.75,urum
2019-10-15,11.81,15.34,75.00,urum
2019-10-16,10.20,12.69,64.78,urum
2019-10-17,7.31,12.27,46.43,urum
2019-10-18,8.47,13.84,53.82,urum
2019-10-19,,,,urum
2019-10-20,3.08,4.97,19.55,urum
2019-10-21,,,,urum
2019-10-22,5.00,9.32,31.77,urum
2019-10-23,3.02,4.18,19.20,urum
2019-10-24,2.66,4.33,16.92,urum
2019-10-25,3.45,5.08,21.94,urum
2019-10-26,3.67,8.00,23.32,urum
2019-10-27,4.25,7.42,27.00,urum
2019-10-28,5.19,9.67,32.96,urum
2019-10-29,6.92,9.74,43.97,urum
2019-10-30,1.93,3.33,12.24,urum
2019-10-31,5.68,8.20,36.10,urum
2019-11-01,6.22,7.54,40.81,urum
2019-11-02,7.16,10.91,46.94,urum
2019-11-03,10.15,13.01,66.57,urum
2019-11-04,7.31,9.48,47.97,urum
2019-11-05,9.52,10.59,62.48,urum
2019-11-06,10.09,11.35,66.18,urum
2019-11-07,10.20,12.41,66.90,urum
2019-11-08,7.19,10.14,47.14,urum
2019-11-09,6.20,7.90,40.67,urum
2019-11-10,4.90,7.68,32.13,urum
2019-11-11,8.61,10.71,56.51,urum
2019-11-12,5.45,9.06,35.73,urum
2019-11-13,2.29,4.86,15.03,urum
2019-11-14,,,,urum
2019-11-15,,,,urum
2019-11-16,,,,urum
2019-11-17,,,,urum
2019-11-18,,,,urum
2019-11-19,,,,urum
2019-11-20,-0.39,0.61,-2.55,urum
2019-11-21,4.05,5.70,26.60,urum
2019-11-22,4.29,5.92,28.13,urum
2019-11-23,4.44,6.16,29.14,urum
2019-11-24,4.61,6.80,30.25,urum
2019-11-25,5.84,7.29,38.30,urum
2019-11-26,4.32,6.61,28.35,urum
2019-11-27,4.12,5.70,27.00,urum
2019-11-28,4.11,5.55,26.99,urum
2019-11-29,4.84,5.98,31.78,urum
2019-11-30,3.80,6.21,24.89,urum
2019-12-01,2.32,4.36,15.24,urum
2019-12-02,1.75,3.13,11.53,urum
2019-12-03,4.02,5.80,26.44,urum
2019-12-04,2.82,5.64,18.52,urum
2019-12-05,3.13,4.86,20.56,urum
2019-12-06,5.60,10.14,36.80,urum
2019-12-07,6.69,10.94,44.01,urum
2019-12-08,4.17,6.10,27.44,urum
2019-12-09,1.37,3.35,8.99,urum
2019-12-10,0.08,2.36,0.56,urum
2019-01-01,17.04,22.43,110.32,wuh2
2019-01-02,,,,wuh2
2019-01-03,19.18,25.34,124.23,wuh2
2019-01-04,16.87,21.53,109.24,wuh2
2019-01-05,12.72,19.10,82.37,wuh2
2019-01-06,14.35,17.70,92.95,wuh2
2019-01-07,14.20,17.69,91.96,wuh2
2019-01-08,24.75,28.33,160.26,wuh2
2019-01-09,21.93,27.83,142.01,wuh2
2019-01-10,19.35,23.11,125.31,wuh2
2019-01-11,12.38,22.18,80.16,wuh2
2019-01-12,,,,wuh2
2019-01-13,15.32,18.22,99.21,wuh2
2019-01-14,18.98,22.86,122.92,wuh2
2019-01-15,14.15,17.23,91.62,wuh2
2019-01-16,9.12,14.10,59.05,wuh2
2019-01-17,7.67,10.71,49.64,wuh2
2019-01-18,12.87,22.59,83.31,wuh2
2019-01-19,14.56,18.96,94.31,wuh2
2019-01-20,11.09,13.70,71.80,wuh2
2019-01-21,7.32,11.18,47.38,wuh2
2019-01-22,1.85,5.26,12.00,wuh2
2019-01-23,3.06,4.80,19.79,wuh2
2019-01-24,9.92,16.97,64.26,wuh2
2019-01-25,14.47,16.54,93.71,wuh2
2019-01-26,15.20,17.22,98.44,wuh2
2019-01-27,17.91,22.35,115.95,wuh2
2019-01-28,19.76,22.88,127.98,wuh2
2019-01-29,23.55,26.75,152.52,wuh2
2019-01-30,21.43,26.98,138.74,wuh2
2019-01-31,11.37,14.21,73.60,wuh2
2019-02-01,13.77,17.06,88.81,wuh2
2019-02-02,18.50,22.05,119.32,wuh2
2019-02-03,12.37,20.28,79.76,wuh2
2019-02-04,12.41,17.09,80.00,wuh2
2019-02-05,8.34,11.91,53.81,wuh2
2019-02-06,17.40,21.64,112.19,wuh2
2019-02-07,21.66,26.16,139.66,wuh2
2019-02-08,21.04,24.52,135.66,wuh2
2019-02-09,20.53,24.31,132.40,wuh2
2019-02-10,18.72,21.96,120.76,wuh2
2019-02-11,19.01,25.15,122.59,wuh2
2019-02-12,19.76,27.67,127.46,wuh2
2019-02-13,19.96,27.08,128.72,wuh2
2019-02-14,21.78,25.66,140.46,wuh2
2019-02-15,23.04,25.98,148.57,wuh2
2019-02-16,18.55,25.93,119.66,wuh2
2019-02-17,22.06,24.30,142.25,wuh2
2019-02-18,18.14,26.89,116.96,wuh2
2019-02-19,,,,wuh2
2019-02-20,,,,wuh2
2019-02-21,20.19,27.20,130.24,wuh2
2019-02-22,15.18,19.74,97.91,wuh2
2019-02-23,17.01,21.49,109.72,wuh2
2019-02-24,17.57,19.78,113.29,wuh2
2019-02-25,18.65,22.45,120.29,wuh2
2019-02-26,22.52,25.91,145.23,wuh2
2019-02-27,19.02,26.74,122.68,wuh2
2019-02-28,20.63,27.50,133.07,wuh2
2019-03-01,24.61,29.39,156.23,wuh2
2019-03-02,17.35,25.48,110.15,wuh2
2019-03-03,9.02,13.89,57.28,wuh2
2019-03-04,16.68,27.78,105.88,wuh2
2019-03-05,21.68,28.68,137.62,wuh2
2019-03-06,12.54,16.86,79.62,wuh2
2019-03-07,13.28,16.74,84.29,wuh2
2019-03-08,17.85,20.07,113.32,wuh2
2019-03-09,13.95,18.25,88.58,wuh2
2019-03-10,9.32,11.72,59.18,wuh2
2019-03-11,9.42,11.18,59.81,wuh2
2019-03-12,7.40,14.34,46.98,wuh2
2019-03-13,22.40,27.40,142.22,wuh2
2019-03-14,14.28,20.39,90.70,wuh2
2019-03-15,10.94,13.55,69.44,wuh2
2019-03-16,13.76,16.50,87.38,wuh2
2019-03-17,22.92,27.33,145.51,wuh2
2019-03-18,14.07,20.43,89.31,wuh2
2019-03-19,27.49,34.42,174.57,wuh2
2019-03-20,23.06,33.51,146.42,wuh2
2019-03-21,25.53,29.93,162.12,wuh2
2019-03-22,23.61,29.03,149.93,wuh2
2019-03-23,17.89,20.18,113.58,wuh2
2019-03-24,20.49,25.79,130.11,wuh2
2019-03-25,13.00,17.13,82.53,wuh2
2019-03-26,23.88,36.04,151.62,wuh2
2019-03-27,28.99,39.13,184.06,wuh2
2019-03-28,21.18,33.91,134.49,wuh2
2019-03-29,17.83,21.10,113.23,wuh2
2019-03-30,24.21,31.80,153.73,wuh2
2019-03-31,13.07,22.62,83.01,wuh2
2019-04-01,16.83,32.40,105.05,wuh2
2019-04-02,,,,wuh2
2019-04-03,,,,wuh2
2019-04-04,,,,wuh2
2019-04-05,15.22,17.57,95.01,wuh2
2019-04-06,14.01,16.60,87.49,wuh2
2019-04-07,15.39,20.95,96.11,wuh2
2019-04-08,31.16,45.55,194.57,wuh2
2019-04-09,33.75,44.77,210.71,wuh2
2019-04-10,28.86,33.62,180.18,wuh2
2019-04-11,18.57,24.35,115.93,wuh2
2019-04-12,21.07,35.91,131.54,wuh2
2019-04-13,29.65,33.56,185.11,wuh2
2019-04-14,22.24,32.98,138.83,wuh2
2019-04-15,23.44,30.48,146.33,wuh2
2019-04-16,13.97,21.88,87.25,wuh2
2019-04-17,15.30,34.45,95.51,wuh2
2019-04-18,,,,wuh2
2019-04-19,35.34,39.98,220.63,wuh2
2019-04-20,42.64,50.65,266.23,wuh2
2019-04-21,42.00,47.52,262.22,wuh2
2019-04-22,40.54,46.06,253.12,wuh2
2019-04-23,34.02,37.60,212.38,wuh2
2019-04-24,34.82,38.37,217.39,wuh2
2019-04-25,31.08,36.69,194.02,wuh2
2019-04-26,33.10,36.46,206.68,wuh2
2019-04-27,38.08,47.62,237.78,wuh2
2019-04-28,44.86,50.59,280.07,wuh2
2019-04-29,36.79,42.95,229.68,wuh2
2019-04-30,24.72,32.25,154.33,wuh2
2019-05-01,20.13,26.75,123.87,wuh2
2019-05-02,23.92,27.23,147.20,wuh2
2019-05-03,24.89,32.80,153.15,wuh2
2019-05-04,34.72,39.48,213.66,wuh2
2019-05-05,38.52,44.43,237.06,wuh2
2019-05-06,31.44,38.34,193.45,wuh2
2019-05-07,30.24,32.99,186.11,wuh2
2019-05-08,23.99,28.89,147.61,wuh2
2019-05-09,26.04,31.79,160.25,wuh2
2019-05-10,23.21,26.82,142.85,wuh2
2019-05-11,25.93,31.04,159.56,wuh2
2019-05-12,39.82,47.80,245.06,wuh2
2019-05-13,41.13,43.21,253.14,wuh2
2019-05-14,51.61,56.98,317.60,wuh2
2019-05-15,46.88,60.32,288.51,wuh2
2019-05-16,48.63,52.70,299.24,wuh2
2019-05-17,36.04,48.39,221.76,wuh2
2019-05-18,49.43,59.93,304.18,wuh2
2019-05-19,42.18,56.49,259.58,wuh2
2019-05-20,24.24,36.23,149.14,wuh2
2019-05-21,22.57,29.82,138.91,wuh2
2019-05-22,12.61,16.30,77.61,wuh2
2019-05-23,14.86,30.75,91.45,wuh2
2019-05-24,41.65,57.12,256.32,wuh2
2019-05-25,55.76,61.01,343.12,wuh2
2019-05-26,41.43,54.18,254.96,wuh2
2019-05-27,30.72,36.03,189.04,wuh2
2019-05-28,37.91,44.28,233.31,wuh2
2019-05-29,46.84,55.56,288.22,wuh2
2019-05-30,46.91,53.42,288.65,wuh2
2019-05-31,37.39,41.05,230.11,wuh2
2019-06-01,35.84,42.62,217.44,wuh2
2019-06-02,22.28,30.12,135.13,wuh2
2019-06-03,26.26,31.07,159.30,wuh2
2019-06-04,27.34,34.05,165.88,wuh2
2019-06-05,53.42,66.66,324.06,wuh2
2019-06-06,40.66,45.14,246.66,wuh2
2019-06-07,46.93,55.60,284.70,wuh2
2019-06-08,51.56,57.64,312.81,wuh2
2019-06-09,45.43,52.53,275.61,wuh2
2019-06-10,43.05,51.55,261.19,wuh2
2019-06-11,40.82,49.01,247.64,wuh2
2019-06-12,46.93,51.04,284.71,wuh2
2019-06-13,35.23,44.97,213.75,wuh2
2019-06-14,24.09,28.30,146.14,wuh2
2019-06-15,33.38,52.07,202.47,wuh2
2019-06-16,59.45,69.81,360.67,wuh2
2019-06-17,70.80,74.60,429.50,wuh2
2019-06-18,67.33,73.99,408.48,wuh2
2019-06-19,67.39,70.49,408.85,wuh2
2019-06-20,71.74,84.30,435.20,wuh2
2019-06-21,70.76,74.36,429.28,wuh2
2019-06-22,53.34,71.15,323.60,wuh2
2019-06-23,30.95,33.64,187.74,wuh2
2019-06-24,39.09,49.22,237.15,wuh2
2019-06-25,45.26,51.05,274.55,wuh2
2019-06-26,45.73,55.30,277.45,wuh2
2019-06-27,60.36,72.47,366.15,wuh2
2019-06-28,71.11,75.72,431.39,wuh2
2019-06-29,64.90,70.02,393.69,wuh2
2019-06-30,48.88,54.26,296.52,wuh2
2019-07-01,39.99,48.62,240.59,wuh2
2019-07-02,41.84,49.85,251.76,wuh2
2019-07-03,51.65,63.73,310.78,wuh2
2019-07-04,60.49,64.91,363.97,wuh2
2019-07-05,47.03,56.23,282.96,wuh2
2019-07-06,39.45,46.30,237.37,wuh2
2019-07-07,39.29,53.77,236.42,wuh2
2019-07-08,57.10,65.24,343.55,wuh2
2019-07-09,49.97,58.28,300.67,wuh2
2019-07-10,43.26,46.12,260.29,wuh2
2019-07-11,52.95,65.71,318.60,wuh2
2019-07-12,62.21,67.71,374.26,wuh2
2019-07-13,42.71,54.11,256.99,wuh2
2019-07-14,33.08,37.58,199.04,wuh2
2019-07-15,49.14,61.29,295.66,wuh2
2019-07-16,64.50,70.19,388.07,wuh2
2019-07-17,71.57,76.11,430.60,wuh2
2019-07-18,67.85,76.18,408.20,wuh2
2019-07-19,53.36,61.96,321.04,wuh2
2019-07-20,56.88,63.94,342.20,wuh2
2019-07-21,62.55,70.44,376.32,wuh2
2019-07-22,64.67,69.34,389.07,wuh2
2019-07-23,66.54,71.56,400.33,wuh2
2019-07-24,63.54,68.64,382.28,wuh2
2019-07-25,60.38,66.77,363.25,wuh2
2019-07-26,55.52,64.57,334.06,wuh2
2019-07-27,53.29,57.38,320.64,wuh2
2019-07-28,53.91,57.73,324.38,wuh2
2019-07-29,59.20,66.82,356.20,wuh2
2019-07-30,56.13,62.66,337.72,wuh2
2019-07-31,56.63,61.24,340.69,wuh2
2019-08-01,49.43,56.30,298.02,wuh2
2019-08-02,52.46,58.42,316.30,wuh2
2019-08-03,53.49,59.53,322.55,wuh2
2019-08-04,50.16,54.55,302.44,wuh2
2019-08-05,52.04,57.89,313.77,wuh2
2019-08-06,55.78,61.83,336.35,wuh2
2019-08-07,59.56,64.17,359.14,wuh2
2019-08-08,56.09,61.59,338.20,wuh2
2019-08-09,49.67,55.26,299.47,wuh2
2019-08-10,50.88,64.81,306.77,wuh2
2019-08-11,45.04,55.08,271.59,wuh2
2019-08-12,40.94,44.37,246.83,wuh2
2019-08-13,49.23,55.21,296.82,wuh2
2019-08-14,48.02,53.02,289.55,wuh2
2019-08-15,,,,wuh2
2019-08-16,31.01,37.02,186.96,wuh2
2019-08-17,45.84,52.25,276.40,wuh2
2019-08-18,41.64,52.44,251.05,wuh2
2019-08-19,37.74,44.55,227.55,wuh2
2019-08-20,43.74,49.11,263.73,wuh2
2019-08-21,50.09,56.05,302.00,wuh2
2019-08-22,59.01,63.94,355.80,wuh2
2019-08-23,60.58,64.93,365.26,wuh2
2019-08-24,51.88,57.59,312.82,wuh2
2019-08-25,58.44,68.35,352.39,wuh2
2019-08-26,61.34,67.05,369.83,wuh2
2019-08-27,60.79,68.34,366.54,wuh2
2019-08-28,54.96,70.66,331.40,wuh2
2019-08-29,29.65,41.59,178.76,wuh2
2019-08-30,23.45,26.98,141.37,wuh2
2019-08-31,42.84,52.27,258.31,wuh2
2019-09-01,46.85,51.39,287.44,wuh2
2019-09-02,42.88,48.50,263.10,wuh2
2019-09-03,35.64,40.58,218.65,wuh2
2019-09-04,42.19,47.43,258.87,wuh2
2019-09-05,39.15,46.75,240.22,wuh2
2019-09-06,28.46,35.14,174.61,wuh2
2019-09-07,20.64,25.97,126.62,wuh2
2019-09-08,28.42,32.30,174.40,wuh2
2019-09-09,33.64,43.87,206.38,wuh2
2019-09-10,,,,wuh2
2019-09-11,47.01,54.53,288.47,wuh2
2019-09-12,42.98,50.14,263.71,wuh2
2019-09-13,49.68,53.20,304.85,wuh2
2019-09-14,49.99,57.30,306.70,wuh2
2019-09-15,50.12,56.32,307.49,wuh2
2019-09-16,48.12,52.26,295.23,wuh2
2019-09-17,49.83,56.18,305.72,wuh2
2019-09-18,46.47,59.41,285.11,wuh2
2019-09-19,37.42,41.22,229.60,wuh2
2019-09-20,30.50,38.64,187.14,wuh2
2019-09-21,21.68,25.39,133.00,wuh2
2019-09-22,18.03,23.75,110.62,wuh2
2019-09-23,18.48,22.37,113.41,wuh2
2019-09-24,25.71,32.33,157.73,wuh2
2019-09-25,30.95,34.60,189.89,wuh2
2019-09-26,24.02,29.47,147.40,wuh2
2019-09-27,22.04,25.38,135.25,wuh2
2019-09-28,21.56,25.70,132.29,wuh2
2019-09-29,21.47,23.95,131.76,wuh2
2019-09-30,22.00,25.12,135.01,wuh2
2019-10-01,19.30,30.23,120.26,wuh2
2019-10-02,30.62,33.97,190.81,wuh2
2019-10-03,32.46,35.74,202.29,wuh2
2019-10-04,39.31,48.28,244.95,wuh2
2019-10-05,49.03,54.88,305.53,wuh2
2019-10-06,40.36,43.20,251.54,wuh2
2019-10-07,37.97,40.39,236.60,wuh2
2019-10-08,40.45,44.43,252.10,wuh2
2019-10-09,41.31,45.14,257.45,wuh2
2019-10-10,45.47,50.76,283.37,wuh2
2019-10-11,45.10,49.36,281.05,wuh2
2019-10-12,,,,wuh2
2019-10-13,37.48,41.07,233.56,wuh2
2019-10-14,36.71,39.96,228.74,wuh2
2019-10-15,34.90,40.82,217.47,wuh2
2019-10-16,34.23,41.37,213.31,wuh2
2019-10-17,23.06,27.46,143.73,wuh2
2019-10-18,14.80,17.25,92.25,wuh2
2019-10-19,,,,wuh2
2019-10-20,14.17,17.71,88.28,wuh2
2019-10-21,,,,wuh2
2019-10-22,27.54,32.84,171.61,wuh2
2019-10-23,23.02,27.01,143.47,wuh2
2019-10-24,25.09,33.39,156.37,wuh2
2019-10-25,31.86,35.62,198.57,wuh2
2019-10-26,30.39,32.95,189.40,wuh2
2019-10-27,23.91,31.99,149.03,wuh2
2019-10-28,12.48,15.54,77.74,wuh2
2019-10-29,10.27,12.34,64.03,wuh2
2019-10-30,11.24,14.15,70.02,wuh2
2019-10-31,12.60,16.08,78.50,wuh2
2019-11-01,14.03,17.23,88.77,wuh2
2019-11-02,,,,wuh2
2019-11-03,14.32,16.60,90.60,wuh2
2019-11-04,16.67,18.62,105.49,wuh2
2019-11-05,18.75,21.55,118.67,wuh2
2019-11-06,22.90,27.61,144.93,wuh2
2019-11-07,16.55,19.33,104.74,wuh2
2019-11-08,14.36,18.42,90.84,wuh2
2019-11-09,15.53,22.78,98.29,wuh2
2019-11-10,7.83,11.85,49.56,wuh2
2019-11-11,19.18,28.53,121.35,wuh2
2019-11-12,32.55,38.34,205.97,wuh2
2019-11-13,13.53,27.50,85.64,wuh2
2019-11-14,8.47,11.51,53.61,wuh2
2019-11-15,16.02,25.66,101.39,wuh2
2019-11-16,27.86,33.86,176.30,wuh2
2019-11-17,29.86,34.31,188.96,wuh2
2019-11-18,9.49,20.42,60.02,wuh2
2019-11-19,,,,wuh2
2019-11-20,13.97,18.75,88.38,wuh2
2019-11-21,17.61,23.22,111.42,wuh2
2019-11-22,18.86,21.03,119.33,wuh2
2019-11-23,21.93,24.36,138.78,wuh2
2019-11-24,,,,wuh2
2019-11-25,26.57,31.38,168.13,wuh2
2019-11-26,30.07,32.07,190.25,wuh2
2019-11-27,23.48,31.03,148.54,wuh2
2019-11-28,,,,wuh2
2019-11-29,21.32,23.84,134.92,wuh2
2019-11-30,21.34,25.31,135.05,wuh2
2019-12-01,14.10,20.72,90.61,wuh2
2019-12-02,8.29,13.44,53.23,wuh2
2019-12-03,9.28,10.82,59.61,wuh2
2019-12-04,8.71,12.55,55.93,wuh2
2019-12-05,9.93,12.15,63.80,wuh2
2019-12-06,10.28,12.15,66.03,wuh2
2019-12-07,9.49,12.39,60.98,wuh2
2019-12-08,10.84,13.85,69.63,wuh2
2019-12-09,8.52,11.80,54.74,wuh2
2019-12-10,7.63,10.49,48.99,wuh2
