date,hour,pwv_rad,pwv_gnss
2019-01-01,0,7.096,11.789
2019-01-01,0,7.096,20.453
2019-01-03,0,8.879,11.881
2019-01-03,0,8.879,21.351
2019-01-04,0,23.467,20.983
2019-01-04,0,23.467,15.567
2019-01-05,0,18.344,18.155
2019-01-05,0,18.344,10.457
2019-01-06,0,6.477,16.697
2019-01-06,0,6.477,9.170
2019-01-07,0,14.724,13.219
2019-01-07,0,14.724,14.868
2019-01-08,0,12.482,27.877
2019-01-08,0,12.482,15.190
2019-01-09,0,25.691,19.950
2019-01-09,0,25.691,26.370
2019-01-10,0,16.124,17.597
2019-01-10,0,16.124,19.310
2019-01-11,0,22.429,10.735
2019-01-11,0,22.429,21.771
2019-01-13,0,9.530,12.344
2019-01-13,0,9.530,16.139
2019-01-14,0,17.018,17.389
2019-01-14,0,17.018,18.689
2019-01-15,0,15.490,14.974
2019-01-15,0,15.490,13.714
2019-01-16,0,10.218,6.449
2019-01-16,0,10.218,12.140
2019-01-17,0,7.623,8.693
2019-01-17,0,7.623,6.320
2019-01-18,0,5.233,7.497
2019-01-18,0,5.233,11.594
2019-01-19,0,17.809,16.863
2019-01-19,0,17.809,12.811
2019-01-20,0,10.318,11.131
2019-01-20,0,10.318,10.373
2019-01-21,0,9.315,6.441
2019-01-21,0,9.315,9.585
2019-01-22,0,3.124,3.430
2019-01-22,0,3.124,1.356
2019-01-23,0,1.699,2.631
2019-01-23,0,1.699,2.844
2019-01-24,0,12.842,10.999
2019-01-24,0,12.842,4.156
2019-01-25,0,19.925,13.831
2019-01-25,0,19.925,16.230
2019-01-26,0,12.726,15.473
2019-01-26,0,12.726,14.871
2019-01-27,0,14.392,16.377
2019-01-27,0,14.392,15.638
2019-01-28,0,21.632,19.193
2019-01-28,0,21.632,22.754
2019-01-29,0,19.711,22.734
2019-01-29,0,19.711,22.894
2019-01-30,0,26.496,26.040
2019-01-30,0,26.496,23.054
2019-01-31,0,9.927,12.252
2019-01-31,0,9.927,11.657
2019-02-01,0,8.953,13.032
2019-02-01,0,8.953,13.478
2019-02-02,0,21.278,17.859
2019-02-02,0,21.278,19.323
2019-02-03,0,19.507,19.802
2019-02-03,0,19.507,8.271
2019-02-04,0,11.289,16.711
2019-02-04,0,11.289,12.784
2019-02-05,0,6.725,11.529
2019-02-05,0,6.725,8.880
2019-02-06,0,6.622,20.884
2019-02-06,0,6.622,10.703
2019-02-07,0,17.734,24.060
2019-02-07,0,17.734,21.173
2019-02-08,0,16.804,19.515
2019-02-08,0,16.804,20.812
2019-02-09,0,21.678,19.043
2019-02-09,0,21.678,24.208
2019-02-10,0,16.846,18.087
2019-02-10,0,16.846,21.523
2019-02-11,0,15.507,16.907
2019-02-11,0,15.507,16.954
2019-02-12,0,27.454,27.309
2019-02-12,0,27.454,17.330
2019-02-13,0,13.703,19.972
2019-02-13,0,13.703,20.420
2019-02-14,0,13.691,17.537
2019-02-14,0,13.691,22.055
2019-02-15,0,24.140,25.077
2019-02-15,0,24.140,21.491
2019-02-16,0,20.690,17.174
2019-02-16,0,20.690,25.186
2019-02-17,0,18.358,21.787
2019-02-17,0,18.358,22.826
2019-02-18,0,24.110,19.194
2019-02-18,0,24.110,25.757
2019-02-21,0,22.161,26.654
2019-02-21,0,22.161,20.423
2019-02-22,0,11.096,16.677
2019-02-22,0,11.096,12.746
2019-02-23,0,17.869,14.453
2019-02-23,0,17.869,21.451
2019-02-24,0,12.671,15.672
2019-02-24,0,12.671,18.446
2019-02-25,0,20.848,17.226
2019-02-25,0,20.848,22.100
2019-02-26,0,22.624,20.048
2019-02-26,0,22.624,24.820
2019-02-27,0,24.681,17.878
2019-02-27,0,24.681,26.448
2019-02-28,0,14.530,20.482
2019-02-28,0,14.530,18.964
2019-03-01,0,28.441,28.963
2019-03-01,0,28.441,26.166
2019-03-02,0,24.785,15.871
2019-03-02,0,24.785,25.040
2019-03-03,0,13.215,8.119
2019-03-03,0,13.215,13.554
2019-03-04,0,5.124,14.380
2019-03-04,0,5.124,9.217
2019-03-05,0,29.826,22.757
2019-03-05,0,29.826,27.654
2019-03-06,0,10.598,12.516
2019-03-06,0,10.598,15.654
2019-03-07,0,9.455,11.315
2019-03-07,0,9.455,12.589
2019-03-08,0,18.249,17.907
2019-03-08,0,18.249,18.831
2019-03-09,0,18.208,17.062
2019-03-09,0,18.208,14.494
2019-03-10,0,10.227,9.984
2019-03-10,0,10.227,7.646
2019-03-11,0,11.313,10.326
2019-03-11,0,11.313,9.644
2019-03-12,0,9.989,7.846
2019-03-12,0,9.989,5.095
2019-03-13,0,17.124,15.934
2019-03-13,0,17.124,25.839
2019-03-14,0,23.877,19.822
2019-03-14,0,23.877,14.881
2019-03-15,0,9.682,9.882
2019-03-15,0,9.682,13.300
2019-03-16,0,13.391,11.576
2019-03-16,0,13.391,14.102
2019-03-17,0,11.489,16.018
2019-03-17,0,11.489,26.739
2019-03-18,0,18.579,20.314
2019-03-18,0,18.579,11.707
2019-03-19,0,18.862,14.034
2019-03-19,0,18.862,33.158
2019-03-20,0,39.470,33.404
2019-03-20,0,39.470,16.447
2019-03-21,0,33.440,29.382
2019-03-21,0,33.440,26.591
2019-03-22,0,24.730,26.208
2019-03-22,0,24.730,26.140
2019-03-23,0,15.075,19.701
2019-03-23,0,15.075,16.497
2019-03-24,0,18.142,25.094
2019-03-24,0,18.142,21.884
2019-03-25,0,10.155,16.459
2019-03-25,0,10.155,11.500
2019-03-26,0,13.802,22.559
2019-03-26,0,13.802,19.403
2019-03-27,0,39.036,24.540
2019-03-27,0,39.036,38.207
2019-03-28,0,25.751,33.145
2019-03-28,0,25.751,20.615
2019-03-29,0,13.645,18.254
2019-03-29,0,13.645,18.512
2019-03-30,0,24.967,26.302
2019-03-30,0,24.967,23.318
2019-03-31,0,16.689,14.877
2019-03-31,0,16.689,21.874
2019-04-01,0,6.361,15.367
2019-04-01,0,6.361,12.741
2019-04-05,0,18.863,14.826
2019-04-05,0,18.863,15.633
2019-04-06,0,18.123,14.914
2019-04-06,0,18.123,15.898
2019-04-07,0,19.027,17.401
2019-04-07,0,19.027,15.392
2019-04-08,0,25.465,33.643
2019-04-08,0,25.465,20.313
2019-04-09,0,51.958,31.901
2019-04-09,0,51.958,44.084
2019-04-10,0,23.707,33.186
2019-04-10,0,23.707,27.780
2019-04-11,0,20.260,23.908
2019-04-11,0,20.260,15.695
2019-04-12,0,20.113,18.021
2019-04-12,0,20.113,18.529
2019-04-13,0,34.611,32.651
2019-04-13,0,34.611,30.169
2019-04-14,0,30.473,32.515
2019-04-14,0,30.473,19.206
2019-04-15,0,19.760,20.894
2019-04-15,0,19.760,29.319
2019-04-16,0,23.244,10.983
2019-04-16,0,23.244,21.031
2019-04-17,0,17.606,15.029
2019-04-17,0,17.606,12.011
2019-04-19,0,48.482,34.073
2019-04-19,0,48.482,39.130
2019-04-20,0,37.965,42.736
2019-04-20,0,37.965,35.828
2019-04-21,0,48.363,46.931
2019-04-21,0,48.363,39.352
2019-04-22,0,42.215,39.978
2019-04-22,0,42.215,41.905
2019-04-23,0,37.268,34.242
2019-04-23,0,37.268,36.882
2019-04-24,0,36.584,36.467
2019-04-24,0,36.584,35.142
2019-04-25,0,34.790,34.572
2019-04-25,0,34.790,30.016
2019-04-26,0,29.574,33.008
2019-04-26,0,29.574,34.198
2019-04-27,0,30.300,33.304
2019-04-27,0,30.300,37.513
2019-04-28,0,40.870,46.546
2019-04-28,0,40.870,49.855
2019-04-29,0,41.010,40.063
2019-04-29,0,41.010,42.712
2019-04-30,0,27.708,23.849
2019-04-30,0,27.708,29.540
2019-05-01,0,18.821,16.731
2019-05-01,0,18.821,20.741
2019-05-02,0,24.638,25.486
2019-05-02,0,24.638,23.726
2019-05-03,0,21.326,23.511
2019-05-03,0,21.326,21.506
2019-05-04,0,33.434,34.950
2019-05-04,0,33.434,33.564
2019-05-05,0,40.228,38.978
2019-05-05,0,40.228,35.613
2019-05-06,0,37.651,37.490
2019-05-06,0,37.651,31.333
2019-05-07,0,27.205,31.442
2019-05-07,0,27.205,27.925
2019-05-08,0,25.193,21.323
2019-05-08,0,25.193,28.777
2019-05-09,0,23.224,24.235
2019-05-09,0,23.224,27.619
2019-05-10,0,24.894,23.101
2019-05-10,0,24.894,21.402
2019-05-11,0,26.861,23.148
2019-05-11,0,26.861,24.970
2019-05-12,0,33.936,31.652
2019-05-12,0,33.936,44.821
2019-05-13,0,41.980,42.125
2019-05-13,0,41.980,40.444
2019-05-14,0,44.165,54.743
2019-05-14,0,44.165,44.166
2019-05-15,0,51.436,59.732
2019-05-15,0,51.436,46.602
2019-05-16,0,38.029,47.123
2019-05-16,0,38.029,49.320
2019-05-18,0,39.189,56.018
2019-05-18,0,39.189,34.480
2019-05-19,0,57.324,55.817
2019-05-19,0,57.324,47.175
2019-05-20,0,32.530,35.331
2019-05-20,0,32.530,23.064
2019-05-21,0,25.618,26.362
2019-05-21,0,25.618,24.892
2019-05-22,0,17.345,15.970
2019-05-22,0,17.345,12.563
2019-05-23,0,17.481,10.201
2019-05-23,0,17.481,15.269
2019-05-24,0,32.500,31.470
2019-05-24,0,32.500,42.971
2019-05-25,0,56.364,60.787
2019-05-25,0,56.364,55.676
2019-05-26,0,50.786,36.390
2019-05-26,0,50.786,53.602
2019-05-27,0,34.435,30.507
2019-05-27,0,34.435,28.070
2019-05-28,0,35.319,37.985
2019-05-28,0,35.319,36.367
2019-05-29,0,43.089,48.699
2019-05-29,0,43.089,43.807
2019-05-30,0,49.546,47.439
2019-05-30,0,49.546,51.841
2019-05-31,0,39.065,38.563
2019-05-31,0,39.065,39.714
2019-06-01,0,40.474,40.579
2019-06-01,0,40.474,36.867
2019-06-02,0,30.645,29.286
2019-06-02,0,30.645,21.079
2019-06-03,0,32.569,27.841
2019-06-03,0,32.569,23.841
2019-06-04,0,32.632,27.098
2019-06-04,0,32.632,26.733
2019-06-05,0,38.975,61.493
2019-06-05,0,38.975,36.553
2019-06-06,0,46.303,40.808
2019-06-06,0,46.303,44.158
2019-06-07,0,43.959,44.730
2019-06-07,0,43.959,42.816
2019-06-08,0,56.710,56.726
2019-06-08,0,56.710,51.986
2019-06-10,0,58.767,43.894
2019-06-10,0,58.767,49.745
2019-06-11,0,41.392,41.625
2019-06-11,0,41.392,39.679
2019-06-12,0,50.396,45.694
2019-06-12,0,50.396,50.819
2019-06-13,0,43.912,42.232
2019-06-13,0,43.912,39.333
2019-06-14,0,25.785,21.987
2019-06-14,0,25.785,24.071
2019-06-15,0,29.436,33.741
2019-06-15,0,29.436,25.946
2019-06-16,0,55.464,54.007
2019-06-16,0,55.464,62.033
2019-06-18,0,65.543,68.980
2019-06-18,0,65.543,73.272
2019-06-19,0,69.179,69.887
2019-06-19,0,69.179,66.802
2019-06-20,0,73.522,68.021
2019-06-20,0,73.522,73.354
2019-06-21,0,59.751,73.298
2019-06-21,0,59.751,72.416
2019-06-22,0,70.689,70.662
2019-06-22,0,70.689,54.603
2019-06-23,0,39.971,32.142
2019-06-23,0,39.971,33.258
2019-06-24,0,31.919,28.441
2019-06-24,0,31.919,41.800
2019-06-25,0,47.627,46.516
2019-06-25,0,47.627,47.943
2019-06-26,0,48.297,43.781
2019-06-26,0,48.297,45.968
2019-06-27,0,56.579,54.672
2019-06-27,0,56.579,59.871
2019-06-28,0,71.701,70.197
2019-06-28,0,71.701,74.160
2019-06-29,0,69.558,68.260
2019-06-29,0,69.558,67.202
2019-06-30,0,53.953,50.328
2019-06-30,0,53.953,52.094
2019-07-01,0,53.002,36.895
2019-07-01,0,53.002,46.800
2019-07-02,0,42.269,41.302
2019-07-02,0,42.269,41.467
2019-07-03,0,53.114,47.713
2019-07-03,0,53.114,49.944
2019-07-04,0,63.879,58.389
2019-07-04,0,63.879,63.097
2019-07-05,0,54.823,46.210
2019-07-05,0,54.823,55.378
2019-07-06,0,46.909,41.726
2019-07-06,0,46.909,33.714
2019-07-07,0,43.688,35.906
2019-07-07,0,43.688,36.460
2019-07-08,0,51.897,53.577
2019-07-08,0,51.897,59.794
2019-07-09,0,56.543,57.214
2019-07-09,0,56.543,49.476
2019-07-10,0,42.424,44.470
2019-07-10,0,42.424,43.125
2019-07-11,0,46.111,51.351
2019-07-11,0,46.111,43.542
2019-07-12,0,63.095,66.218
2019-07-12,0,63.095,63.799
2019-07-14,0,42.633,36.347
2019-07-14,0,42.633,31.744
2019-07-15,0,37.738,35.841
2019-07-15,0,37.738,51.199
2019-07-16,0,58.637,60.605
2019-07-16,0,58.637,62.833
2019-07-17,0,73.745,72.667
2019-07-17,0,73.745,71.068
2019-07-18,0,70.899,71.689
2019-07-18,0,70.899,74.145
2019-07-19,0,68.155,60.934
2019-07-19,0,68.155,52.162
2019-07-20,0,61.308,56.575
2019-07-20,0,61.308,53.709
2019-07-21,0,66.326,64.333
2019-07-21,0,66.326,58.547
2019-07-22,0,75.450,66.971
2019-07-22,0,75.450,65.879
2019-07-23,0,68.848,66.602
2019-07-23,0,68.848,70.083
2019-07-24,0,68.592,64.859
2019-07-24,0,68.592,67.894
2019-07-26,0,66.445,56.722
2019-07-26,0,66.445,63.732
2019-07-27,0,54.413,53.518
2019-07-27,0,54.413,55.877
2019-07-28,0,59.938,57.469
2019-07-28,0,59.938,56.696
2019-07-29,0,61.053,58.299
2019-07-29,0,61.053,65.768
2019-07-30,0,60.144,59.977
2019-07-30,0,60.144,59.633
2019-07-31,0,63.116,56.949
2019-07-31,0,63.116,57.718
2019-08-01,0,55.677,55.091
2019-08-01,0,55.677,50.687
2019-08-02,0,61.615,57.025
2019-08-02,0,61.615,58.221
2019-08-04,0,58.512,51.987
2019-08-04,0,58.512,50.282
2019-08-05,0,60.453,49.677
2019-08-05,0,60.453,54.791
2019-08-06,0,58.608,54.163
2019-08-06,0,58.608,55.848
2019-08-07,0,59.962,58.071
2019-08-07,0,59.962,57.895
2019-08-08,0,63.553,60.514
2019-08-08,0,63.553,59.612
2019-08-09,0,53.617,48.857
2019-08-09,0,53.617,51.565
2019-08-10,0,54.762,57.320
2019-08-10,0,54.762,45.992
2019-08-11,0,45.515,41.000
2019-08-11,0,45.515,42.220
2019-08-12,0,48.536,43.165
2019-08-12,0,48.536,40.636
2019-08-13,0,50.652,52.506
2019-08-13,0,50.652,43.248
2019-08-14,0,55.595,51.688
2019-08-14,0,55.595,46.499
2019-08-16,0,36.529,34.316
2019-08-16,0,36.529,23.156
2019-08-17,0,40.792,36.231
2019-08-17,0,40.792,50.171
2019-08-18,0,52.371,38.828
2019-08-18,0,52.371,51.788
2019-08-19,0,41.831,39.990
2019-08-19,0,41.831,34.438
2019-08-20,0,46.729,43.979
2019-08-20,0,46.729,39.659
2019-08-21,0,48.704,48.616
2019-08-21,0,48.704,48.597
2019-08-22,0,52.815,52.878
2019-08-22,0,52.815,60.764
2019-08-23,0,61.697,61.574
2019-08-23,0,61.697,60.545
2019-08-24,0,56.732,57.326
2019-08-24,0,56.732,52.389
2019-08-25,0,48.736,63.694
2019-08-25,0,48.736,50.181
2019-08-26,0,67.559,63.180
2019-08-26,0,67.559,64.243
2019-08-27,0,60.073,62.357
2019-08-27,0,60.073,54.499
2019-08-28,0,59.207,70.491
2019-08-28,0,59.207,54.287
2019-08-29,0,48.230,40.998
2019-08-29,0,48.230,34.257
2019-08-30,0,27.176,25.037
2019-08-30,0,27.176,25.068
2019-08-31,0,28.817,44.671
2019-08-31,0,28.817,27.342
2019-09-02,0,41.883,43.866
2019-09-02,0,41.883,48.018
2019-09-03,0,41.284,36.079
2019-09-03,0,41.284,39.782
2019-09-04,0,38.965,43.531
2019-09-04,0,38.965,36.099
2019-09-05,0,47.099,46.169
2019-09-05,0,47.099,36.179
2019-09-06,0,38.851,34.253
2019-09-06,0,38.851,31.955
2019-09-07,0,29.250,19.809
2019-09-07,0,29.250,24.303
2019-09-08,0,40.250,30.181
2019-09-08,0,40.250,22.266
2019-09-09,0,48.199,29.533
2019-09-09,0,48.199,32.289
2019-09-11,0,52.993,46.530
2019-09-11,0,52.993,52.790
2019-09-12,0,50.896,48.117
2019-09-12,0,50.896,42.694
2019-09-13,0,53.045,51.760
2019-09-13,0,53.045,46.821
2019-09-14,0,53.441,55.457
2019-09-14,0,53.441,49.608
2019-09-15,0,47.392,54.723
2019-09-15,0,47.392,49.628
2019-09-16,0,48.483,48.035
2019-09-16,0,48.483,50.779
2019-09-17,0,46.925,48.766
2019-09-17,0,46.925,51.167
2019-09-18,0,57.553,58.297
2019-09-18,0,57.553,43.291
2019-09-19,0,43.159,36.742
2019-09-19,0,43.159,40.337
2019-09-20,0,38.163,37.634
2019-09-20,0,38.163,28.108
2019-09-21,0,29.181,24.360
2019-09-21,0,29.181,22.884
2019-09-23,0,19.618,19.414
2019-09-23,0,19.618,18.551
2019-09-24,0,21.248,18.461
2019-09-24,0,21.248,27.909
2019-09-25,0,36.319,32.934
2019-09-25,0,36.319,32.636
2019-09-27,0,22.019,22.234
2019-09-27,0,22.019,22.066
2019-09-28,0,29.428,25.335
2019-09-28,0,29.428,21.203
2019-09-29,0,23.438,20.353
2019-09-29,0,23.438,22.330
2019-09-30,0,26.550,22.204
2019-09-30,0,26.550,23.460
2019-10-01,0,30.787,17.090
2019-10-01,0,30.787,16.909
2019-10-02,0,36.013,30.525
2019-10-02,0,36.013,29.272
2019-10-03,0,40.828,33.230
2019-10-03,0,40.828,31.899
2019-10-04,0,46.687,36.514
2019-10-04,0,46.687,39.127
2019-10-05,0,54.749,52.433
2019-10-05,0,54.749,47.660
2019-10-07,0,33.701,38.998
2019-10-07,0,33.701,38.931
2019-10-08,0,36.117,44.169
2019-10-08,0,36.117,37.786
2019-10-09,0,39.729,41.681
2019-10-09,0,39.729,39.073
2019-10-10,0,47.821,45.751
2019-10-10,0,47.821,46.690
2019-10-11,0,51.918,49.093
2019-10-11,0,51.918,46.941
2019-10-13,0,40.518,37.329
2019-10-13,0,40.518,37.143
2019-10-14,0,38.876,37.368
2019-10-14,0,38.876,39.500
2019-10-15,0,31.302,35.739
2019-10-15,0,31.302,36.278
2019-10-16,0,37.286,36.694
2019-10-16,0,37.286,38.575
2019-10-17,0,22.231,24.512
2019-10-17,0,22.231,26.510
2019-10-18,0,12.647,16.212
2019-10-18,0,12.647,14.655
2019-10-20,0,13.975,11.532
2019-10-20,0,13.975,14.901
2019-10-22,0,29.842,32.154
2019-10-22,0,29.842,23.308
2019-10-23,0,27.217,23.340
2019-10-23,0,27.217,24.964
2019-10-24,0,20.150,24.586
2019-10-24,0,20.150,22.200
2019-10-25,0,34.728,34.513
2019-10-25,0,34.728,30.235
2019-10-26,0,32.243,32.889
2019-10-26,0,32.243,30.009
2019-10-27,0,29.222,31.759
2019-10-27,0,29.222,26.908
2019-10-28,0,13.553,10.801
2019-10-28,0,13.553,14.759
2019-10-29,0,14.697,9.878
2019-10-29,0,14.697,12.236
2019-10-30,0,5.735,8.952
2019-10-30,0,5.735,13.721
2019-10-31,0,9.561,11.998
2019-10-31,0,9.561,12.927
2019-11-01,0,21.423,14.769
2019-11-01,0,21.423,13.363
2019-11-03,0,15.114,13.536
2019-11-03,0,15.114,15.679
2019-11-04,0,15.770,16.293
2019-11-04,0,15.770,16.105
2019-11-05,0,17.974,18.097
2019-11-05,0,17.974,19.381
2019-11-06,0,22.676,22.996
2019-11-06,0,22.676,22.730
2019-11-07,0,16.306,19.021
2019-11-07,0,16.306,16.718
2019-11-08,0,15.526,13.775
2019-11-08,0,15.526,17.288
2019-11-09,0,17.500,14.805
2019-11-09,0,17.500,14.338
2019-11-10,0,17.982,7.743
2019-11-10,0,17.982,11.399
2019-11-12,0,27.748,29.746
2019-11-12,0,27.748,33.406
2019-11-13,0,29.708,26.496
2019-11-13,0,29.708,11.325
2019-11-14,0,3.857,10.361
2019-11-14,0,3.857,9.569
2019-11-15,0,12.198,8.190
2019-11-15,0,12.198,15.003
2019-11-16,0,32.485,28.463
2019-11-16,0,32.485,22.991
2019-11-17,0,36.799,33.196
2019-11-17,0,36.799,29.555
2019-11-18,0,19.500,7.170
2019-11-18,0,19.500,20.211
2019-11-20,0,14.976,13.240
2019-11-20,0,14.976,15.211
2019-11-21,0,21.753,18.179
2019-11-21,0,21.753,22.745
2019-11-22,0,11.973,18.911
2019-11-22,0,11.973,18.856
2019-11-23,0,26.111,24.168
2019-11-23,0,26.111,21.024
2019-11-25,0,24.085,25.483
2019-11-25,0,24.085,31.245
2019-11-26,0,24.994,31.690
2019-11-26,0,24.994,31.100
2019-11-27,0,24.164,30.930
2019-11-27,0,24.164,22.879
2019-11-29,0,19.186,23.651
2019-11-29,0,19.186,18.895
2019-11-30,0,25.550,22.460
2019-11-30,0,25.550,25.225
2019-12-01,0,20.214,13.140
2019-12-01,0,20.214,20.428
2019-12-02,0,6.053,8.461
2019-12-02,0,6.053,13.079
2019-12-04,0,9.401,8.659
2019-12-04,0,9.401,12.108
2019-12-05,0,4.648,10.682
2019-12-05,0,4.648,9.973
2019-12-06,0,9.934,9.908
2019-12-06,0,9.934,11.534
2019-12-07,0,6.229,9.274
2019-12-07,0,6.229,11.936
2019-12-08,0,7.497,11.456
2019-12-08,0,7.497,13.048
2019-12-09,0,4.030,8.922
2019-12-09,0,4.030,10.965
2019-12-10,0,4.571,8.601
2019-12-10,0,4.571,8.343
