station,date,hour,pwv_rad,pwv_ours,pwv_gpt3
wuh2,2019-01-01,0,7.096,11.789,11.768
wuh2,2019-01-03,0,8.879,11.881,11.856
wuh2,2019-01-04,0,23.467,20.983,20.938
wuh2,2019-01-05,0,18.344,18.155,18.115
wuh2,2019-01-06,0,6.477,9.170,9.148
wuh2,2019-01-07,0,14.724,14.868,14.833
wuh2,2019-01-08,0,12.482,15.190,15.153
wuh2,2019-01-09,0,25.691,26.370,26.305
wuh2,2019-01-10,0,16.124,19.310,19.261
wuh2,2019-01-11,0,22.429,21.771,21.716
wuh2,2019-01-13,0,9.530,12.344,12.312
wuh2,2019-01-14,0,17.018,17.389,17.346
wuh2,2019-01-15,0,15.490,14.974,14.937
wuh2,2019-01-16,0,10.218,12.140,12.110
wuh2,2019-01-17,0,7.623,8.693,8.672
wuh2,2019-01-18,0,5.233,7.497,7.480
wuh2,2019-01-19,0,17.809,16.863,16.825
wuh2,2019-01-20,0,10.318,10.373,10.350
wuh2,2019-01-21,0,9.315,9.586,9.566
wuh2,2019-01-22,0,3.124,3.430,3.423
wuh2,2019-01-23,0,1.699,2.631,2.626
wuh2,2019-01-24,0,12.842,4.156,4.149
wuh2,2019-01-25,0,19.925,16.230,16.205
wuh2,2019-01-26,0,12.726,15.473,15.452
wuh2,2019-01-27,0,14.392,16.377,16.357
wuh2,2019-01-28,0,21.632,22.754,22.730
wuh2,2019-01-29,0,19.711,22.894,22.874
wuh2,2019-01-30,0,26.496,26.040,26.022
wuh2,2019-01-31,0,9.927,11.657,11.652
wuh2,2019-02-01,0,8.953,13.478,13.419
wuh2,2019-02-02,0,21.278,19.323,19.243
wuh2,2019-02-03,0,19.507,19.802,19.725
wuh2,2019-02-04,0,11.289,16.711,16.650
wuh2,2019-02-05,0,6.725,11.529,11.490
wuh2,2019-02-06,0,6.622,10.703,10.669
wuh2,2019-02-07,0,17.734,21.173,21.112
wuh2,2019-02-08,0,16.804,19.515,19.465
wuh2,2019-02-09,0,21.678,24.208,24.153
wuh2,2019-02-10,0,16.846,21.523,21.480
wuh2,2019-02-11,0,15.507,16.954,16.925
wuh2,2019-02-12,0,27.454,27.309,27.271
wuh2,2019-02-13,0,13.703,20.420,20.398
wuh2,2019-02-14,0,13.691,17.537,17.524
wuh2,2019-02-15,0,24.140,25.077,25.067
wuh2,2019-02-16,0,20.690,25.186,25.185
wuh2,2019-02-17,0,18.358,22.826,22.832
wuh2,2019-02-18,0,24.110,25.757,25.773
wuh2,2019-02-21,0,22.161,26.654,26.700
wuh2,2019-02-22,0,11.096,16.677,16.712
wuh2,2019-02-23,0,17.869,21.451,21.504
wuh2,2019-02-24,0,12.671,18.446,18.499
wuh2,2019-02-25,0,20.848,22.100,22.173
wuh2,2019-02-26,0,22.624,24.820,24.911
wuh2,2019-02-27,0,24.681,26.447,26.556
wuh2,2019-02-28,0,14.530,18.964,19.049
wuh2,2019-03-01,0,28.441,28.963,28.654
wuh2,2019-03-02,0,24.785,25.040,24.783
wuh2,2019-03-03,0,13.215,13.554,13.421
wuh2,2019-03-04,0,5.124,9.217,9.130
wuh2,2019-03-05,0,29.826,27.654,27.406
wuh2,2019-03-06,0,10.598,15.654,15.520
wuh2,2019-03-07,0,9.455,11.315,11.224
wuh2,2019-03-08,0,18.249,18.831,18.687
wuh2,2019-03-09,0,18.208,17.062,16.939
wuh2,2019-03-10,0,10.227,9.984,9.917
wuh2,2019-03-11,0,11.313,10.326,10.261
wuh2,2019-03-12,0,9.989,7.846,7.800
wuh2,2019-03-13,0,17.124,15.934,15.849
wuh2,2019-03-14,0,23.877,19.822,19.724
wuh2,2019-03-15,0,9.682,13.300,13.241
wuh2,2019-03-16,0,13.391,14.102,14.046
wuh2,2019-03-17,0,11.489,16.018,15.962
wuh2,2019-03-18,0,18.579,20.314,20.252
wuh2,2019-03-19,0,18.862,14.034,13.998
wuh2,2019-03-20,0,39.470,33.404,33.333
wuh2,2019-03-21,0,33.440,29.382,29.334
wuh2,2019-03-22,0,24.730,26.140,26.110
wuh2,2019-03-23,0,15.075,19.701,19.688
wuh2,2019-03-24,0,18.142,21.884,21.879
wuh2,2019-03-25,0,10.155,16.459,16.464
wuh2,2019-03-26,0,13.802,19.403,19.418
wuh2,2019-03-27,0,39.036,38.207,38.254
wuh2,2019-03-28,0,25.751,33.145,33.203
wuh2,2019-03-29,0,13.645,18.512,18.553
wuh2,2019-03-30,0,24.967,26.302,26.373
wuh2,2019-03-31,0,16.689,21.874,21.944
wuh2,2019-04-01,0,6.361,12.741,12.574
wuh2,2019-04-05,0,18.863,15.633,15.458
wuh2,2019-04-06,0,18.123,15.898,15.728
wuh2,2019-04-07,0,19.027,15.392,15.235
wuh2,2019-04-08,0,25.465,20.313,20.116
wuh2,2019-04-09,0,51.958,44.084,43.676
wuh2,2019-04-10,0,23.707,27.780,27.537
wuh2,2019-04-11,0,20.260,23.908,23.709
wuh2,2019-04-12,0,20.113,18.021,17.880
wuh2,2019-04-13,0,34.611,32.651,32.411
wuh2,2019-04-14,0,30.473,32.515,32.291
wuh2,2019-04-15,0,19.760,20.894,20.760
wuh2,2019-04-16,0,23.244,21.031,20.906
wuh2,2019-04-17,0,17.606,15.029,14.946
wuh2,2019-04-19,0,48.482,39.130,38.952
wuh2,2019-04-20,0,37.965,35.828,35.681
wuh2,2019-04-21,0,48.363,46.931,46.761
wuh2,2019-04-22,0,42.215,41.905,41.772
wuh2,2019-04-23,0,37.268,36.882,36.782
wuh2,2019-04-24,0,36.584,35.142,35.063
wuh2,2019-04-25,0,34.790,34.572,34.510
wuh2,2019-04-26,0,29.574,33.008,32.964
wuh2,2019-04-27,0,30.300,33.304,33.275
wuh2,2019-04-28,0,40.870,46.546,46.526
wuh2,2019-04-29,0,41.010,42.712,42.712
wuh2,2019-04-30,0,27.708,23.849,23.859
wuh2,2019-05-01,0,18.821,20.741,20.463
wuh2,2019-05-02,0,24.638,25.486,25.154
wuh2,2019-05-03,0,21.326,21.506,21.236
wuh2,2019-05-04,0,33.434,34.950,34.525
wuh2,2019-05-05,0,40.228,38.978,38.521
wuh2,2019-05-06,0,37.651,37.490,37.067
wuh2,2019-05-07,0,27.205,27.925,27.622
wuh2,2019-05-08,0,25.193,28.777,28.476
wuh2,2019-05-09,0,23.224,24.235,23.992
wuh2,2019-05-10,0,24.894,23.101,22.879
wuh2,2019-05-11,0,26.861,23.148,22.935
wuh2,2019-05-12,0,33.936,31.652,31.374
wuh2,2019-05-13,0,41.980,42.125,41.772
wuh2,2019-05-14,0,44.165,44.166,43.814
wuh2,2019-05-15,0,51.436,59.732,59.280
wuh2,2019-05-16,0,38.029,47.123,46.785
wuh2,2019-05-18,0,39.189,34.480,34.260
wuh2,2019-05-19,0,57.324,55.817,55.482
wuh2,2019-05-20,0,32.530,35.331,35.133
wuh2,2019-05-21,0,25.618,26.361,26.224
wuh2,2019-05-22,0,17.345,15.970,15.893
wuh2,2019-05-23,0,17.481,15.269,15.201
wuh2,2019-05-24,0,32.500,31.470,31.341
wuh2,2019-05-25,0,56.364,55.676,55.469
wuh2,2019-05-26,0,50.786,53.602,53.423
wuh2,2019-05-27,0,34.435,28.070,27.987
wuh2,2019-05-28,0,35.319,36.367,36.272
wuh2,2019-05-29,0,43.089,43.807,43.709
wuh2,2019-05-30,0,49.546,51.841,51.743
wuh2,2019-05-31,0,39.065,39.714,39.653
wuh2,2019-06-01,0,40.474,40.579,39.956
wuh2,2019-06-02,0,30.645,29.286,28.846
wuh2,2019-06-03,0,32.569,23.841,23.491
wuh2,2019-06-04,0,32.632,27.098,26.710
wuh2,2019-06-05,0,38.975,36.553,36.041
wuh2,2019-06-06,0,46.303,44.158,43.553
wuh2,2019-06-07,0,43.959,42.816,42.244
wuh2,2019-06-08,0,56.710,56.726,55.985
wuh2,2019-06-10,0,58.767,49.745,49.127
wuh2,2019-06-11,0,41.392,39.679,39.198
wuh2,2019-06-12,0,50.396,45.694,45.154
wuh2,2019-06-13,0,43.912,42.232,41.746
wuh2,2019-06-14,0,25.785,24.071,23.801
wuh2,2019-06-15,0,29.436,25.946,25.662
wuh2,2019-06-16,0,55.464,54.007,53.433
wuh2,2019-06-18,0,65.543,73.272,72.534
wuh2,2019-06-19,0,69.179,69.887,69.202
wuh2,2019-06-20,0,73.522,68.021,67.372
wuh2,2019-06-21,0,59.751,73.298,72.618
wuh2,2019-06-22,0,70.689,70.662,70.024
wuh2,2019-06-23,0,39.971,32.142,31.861
wuh2,2019-06-24,0,31.919,28.441,28.199
wuh2,2019-06-25,0,47.627,47.943,47.546
wuh2,2019-06-26,0,48.297,45.968,45.599
wuh2,2019-06-27,0,56.579,54.672,54.245
wuh2,2019-06-28,0,71.701,70.197,69.666
wuh2,2019-06-29,0,69.558,68.260,67.758
wuh2,2019-06-30,0,53.953,52.094,51.722
wuh2,2019-07-01,0,53.002,46.800,46.093
wuh2,2019-07-02,0,42.269,41.302,40.686
wuh2,2019-07-03,0,53.114,49.944,49.209
wuh2,2019-07-04,0,63.879,63.097,62.181
wuh2,2019-07-05,0,54.823,55.378,54.585
wuh2,2019-07-06,0,46.909,41.726,41.135
wuh2,2019-07-07,0,43.688,35.906,35.404
wuh2,2019-07-08,0,51.897,53.577,52.836
wuh2,2019-07-09,0,56.543,57.214,56.433
wuh2,2019-07-10,0,42.424,44.470,43.870
wuh2,2019-07-11,0,46.111,43.542,42.961
wuh2,2019-07-12,0,63.095,63.799,62.956
wuh2,2019-07-14,0,42.633,36.347,35.876
wuh2,2019-07-15,0,37.738,35.841,35.382
wuh2,2019-07-16,0,58.637,60.605,59.835
wuh2,2019-07-17,0,73.745,71.068,70.173
wuh2,2019-07-18,0,70.899,71.689,70.794
wuh2,2019-07-19,0,68.155,60.934,60.178
wuh2,2019-07-20,0,61.308,53.709,53.048
wuh2,2019-07-21,0,66.326,64.333,63.545
wuh2,2019-07-22,0,75.450,66.971,66.156
wuh2,2019-07-23,0,68.848,66.602,65.796
wuh2,2019-07-24,0,68.592,64.859,64.077
wuh2,2019-07-26,0,66.445,63.732,62.970
wuh2,2019-07-27,0,54.413,53.518,52.880
wuh2,2019-07-28,0,59.938,56.696,56.021
wuh2,2019-07-29,0,61.053,58.299,57.606
wuh2,2019-07-30,0,60.144,59.977,59.264
wuh2,2019-07-31,0,63.116,56.949,56.273
wuh2,2019-08-01,0,55.677,55.091,54.554
wuh2,2019-08-02,0,61.615,58.221,57.653
wuh2,2019-08-04,0,58.512,51.987,51.478
wuh2,2019-08-05,0,60.453,54.791,54.251
wuh2,2019-08-06,0,58.608,55.848,55.295
wuh2,2019-08-07,0,59.962,58.071,57.492
wuh2,2019-08-08,0,63.553,60.514,59.907
wuh2,2019-08-09,0,53.617,48.858,48.363
wuh2,2019-08-10,0,54.762,45.992,45.523
wuh2,2019-08-11,0,45.515,41.000,40.578
wuh2,2019-08-12,0,48.536,43.165,42.716
wuh2,2019-08-13,0,50.652,43.248,42.794
wuh2,2019-08-14,0,55.595,51.688,51.138
wuh2,2019-08-16,0,36.529,34.316,33.941
wuh2,2019-08-17,0,40.792,36.231,35.830
wuh2,2019-08-18,0,52.371,51.788,51.207
wuh2,2019-08-19,0,41.831,34.438,34.046
wuh2,2019-08-20,0,46.729,39.659,39.200
wuh2,2019-08-21,0,48.704,48.616,48.044
wuh2,2019-08-22,0,52.815,52.878,52.246
wuh2,2019-08-23,0,61.697,61.574,60.825
wuh2,2019-08-24,0,56.732,57.326,56.616
wuh2,2019-08-25,0,48.736,50.181,49.548
wuh2,2019-08-26,0,67.559,64.243,63.418
wuh2,2019-08-27,0,60.073,54.499,53.786
wuh2,2019-08-28,0,59.207,70.491,69.550
wuh2,2019-08-29,0,48.230,40.998,40.440
wuh2,2019-08-30,0,27.176,25.037,24.690
wuh2,2019-08-31,0,28.817,27.342,26.955
wuh2,2019-09-02,0,41.883,48.018,48.142
wuh2,2019-09-03,0,41.284,39.782,39.872
wuh2,2019-09-04,0,38.965,36.099,36.169
wuh2,2019-09-05,0,47.099,46.169,46.243
wuh2,2019-09-06,0,38.851,34.253,34.296
wuh2,2019-09-07,0,29.250,24.303,24.325
wuh2,2019-09-08,0,40.250,30.181,30.198
wuh2,2019-09-09,0,48.199,32.289,32.295
wuh2,2019-09-11,0,52.993,52.790,52.759
wuh2,2019-09-12,0,50.896,48.117,48.069
wuh2,2019-09-13,0,53.045,46.821,46.756
wuh2,2019-09-14,0,53.441,55.457,55.357
wuh2,2019-09-15,0,47.392,54.723,54.602
wuh2,2019-09-16,0,48.483,50.779,50.645
wuh2,2019-09-17,0,46.925,51.167,51.009
wuh2,2019-09-18,0,57.553,58.297,58.090
wuh2,2019-09-19,0,43.159,40.337,40.177
wuh2,2019-09-20,0,38.163,37.634,37.467
wuh2,2019-09-21,0,29.181,24.360,24.241
wuh2,2019-09-23,0,19.618,19.414,19.300
wuh2,2019-09-24,0,21.248,18.461,18.344
wuh2,2019-09-25,0,36.319,32.934,32.708
wuh2,2019-09-27,0,22.019,22.066,21.892
wuh2,2019-09-28,0,29.428,25.335,25.122
wuh2,2019-09-29,0,23.438,22.330,22.131
wuh2,2019-09-30,0,26.550,22.204,21.994
wuh2,2019-10-01,0,30.787,17.090,17.184
wuh2,2019-10-02,0,36.013,30.525,30.677
wuh2,2019-10-03,0,40.828,33.230,33.377
wuh2,2019-10-04,0,46.687,36.514,36.656
wuh2,2019-10-05,0,54.749,47.660,47.817
wuh2,2019-10-07,0,33.701,38.931,39.015
wuh2,2019-10-08,0,36.117,37.786,37.845
wuh2,2019-10-09,0,39.729,39.073,39.111
wuh2,2019-10-10,0,47.821,45.751,45.769
wuh2,2019-10-11,0,51.918,49.093,49.083
wuh2,2019-10-13,0,40.518,37.143,37.091
wuh2,2019-10-14,0,38.876,39.500,39.420
wuh2,2019-10-15,0,31.302,35.739,35.645
wuh2,2019-10-16,0,37.286,38.575,38.451
wuh2,2019-10-17,0,22.231,24.512,24.418
wuh2,2019-10-18,0,12.647,16.212,16.140
wuh2,2019-10-20,0,13.975,11.532,11.467
wuh2,2019-10-22,0,29.842,23.307,23.146
wuh2,2019-10-23,0,27.217,23.340,23.164
wuh2,2019-10-24,0,20.150,22.200,22.019
wuh2,2019-10-25,0,34.728,34.513,34.209
wuh2,2019-10-26,0,32.243,32.889,32.579
wuh2,2019-10-27,0,29.222,31.759,31.439
wuh2,2019-10-28,0,13.553,14.759,14.601
wuh2,2019-10-29,0,14.697,12.236,12.098
wuh2,2019-10-30,0,5.735,13.721,13.558
wuh2,2019-10-31,0,9.561,11.998,11.847
wuh2,2019-11-01,0,21.423,14.769,14.798
wuh2,2019-11-03,0,15.114,13.536,13.546
wuh2,2019-11-04,0,15.770,16.293,16.295
wuh2,2019-11-05,0,17.974,18.097,18.088
wuh2,2019-11-06,0,22.676,22.730,22.705
wuh2,2019-11-07,0,16.306,19.021,18.988
wuh2,2019-11-08,0,15.526,17.288,17.247
wuh2,2019-11-09,0,17.500,14.338,14.296
wuh2,2019-11-10,0,17.982,11.399,11.358
wuh2,2019-11-12,0,27.748,29.746,29.604
wuh2,2019-11-13,0,29.708,26.496,26.353
wuh2,2019-11-14,0,3.857,9.570,9.512
wuh2,2019-11-15,0,12.198,8.190,8.137
wuh2,2019-11-16,0,32.485,22.991,22.827
wuh2,2019-11-17,0,36.799,33.196,32.940
wuh2,2019-11-18,0,19.500,20.211,20.044
wuh2,2019-11-20,0,14.976,15.211,15.068
wuh2,2019-11-21,0,21.753,22.745,22.519
wuh2,2019-11-22,0,11.973,18.856,18.658
wuh2,2019-11-23,0,26.111,24.169,23.902
wuh2,2019-11-25,0,24.085,31.245,30.868
wuh2,2019-11-26,0,24.994,31.100,30.708
wuh2,2019-11-27,0,24.164,30.930,30.525
wuh2,2019-11-29,0,19.186,18.894,18.629
wuh2,2019-11-30,0,25.550,25.225,24.858
wuh2,2019-12-01,0,20.214,20.428,20.427
wuh2,2019-12-02,0,6.053,13.079,13.072
wuh2,2019-12-04,0,9.401,12.108,12.091
wuh2,2019-12-05,0,4.648,10.682,10.662
wuh2,2019-12-06,0,9.934,11.534,11.508
wuh2,2019-12-07,0,6.229,11.936,11.903
wuh2,2019-12-08,0,7.497,13.048,13.007
wuh2,2019-12-09,0,4.030,10.965,10.926
wuh2,2019-12-10,0,4.571,8.601,8.567
wuh2,2019-01-01,12,17.897,20.453,20.414
wuh2,2019-01-03,12,20.032,21.351,21.306
wuh2,2019-01-04,12,13.906,15.567,15.533
wuh2,2019-01-05,12,10.997,10.457,10.433
wuh2,2019-01-06,12,14.821,16.697,16.657
wuh2,2019-01-07,12,11.663,13.219,13.187
wuh2,2019-01-08,12,26.821,27.877,27.809
wuh2,2019-01-09,12,21.097,19.950,19.900
wuh2,2019-01-10,12,20.057,17.597,17.553
wuh2,2019-01-11,12,14.069,10.735,10.707
wuh2,2019-01-13,12,15.615,16.139,16.098
wuh2,2019-01-14,12,19.506,18.689,18.642
wuh2,2019-01-15,12,11.685,13.714,13.680
wuh2,2019-01-16,12,8.168,6.449,6.434
wuh2,2019-01-17,12,8.359,6.320,6.305
wuh2,2019-01-18,12,13.097,11.594,11.568
wuh2,2019-01-19,12,15.557,12.811,12.783
wuh2,2019-01-20,12,9.204,11.131,11.108
wuh2,2019-01-21,12,7.677,6.441,6.428
wuh2,2019-01-22,12,5.350,1.356,1.353
wuh2,2019-01-23,12,8.845,2.844,2.839
wuh2,2019-01-24,12,13.637,10.999,10.981
wuh2,2019-01-25,12,12.271,13.831,13.811
wuh2,2019-01-26,12,14.007,14.871,14.852
wuh2,2019-01-27,12,18.233,15.638,15.620
wuh2,2019-01-28,12,19.144,19.193,19.174
wuh2,2019-01-29,12,26.136,22.734,22.716
wuh2,2019-01-30,12,27.411,23.054,23.040
wuh2,2019-02-01,12,15.691,13.032,12.977
wuh2,2019-02-02,12,21.843,17.859,17.787
wuh2,2019-02-03,12,9.461,8.271,8.240
wuh2,2019-02-04,12,15.472,12.785,12.740
wuh2,2019-02-05,12,13.638,8.880,8.851
wuh2,2019-02-06,12,29.332,20.884,20.821
wuh2,2019-02-07,12,27.172,24.060,23.994
wuh2,2019-02-08,12,21.669,20.812,20.761
wuh2,2019-02-09,12,17.064,19.043,19.002
wuh2,2019-02-10,12,16.581,18.087,18.054
wuh2,2019-02-11,12,19.226,16.907,16.881
wuh2,2019-02-12,12,13.994,17.330,17.309
wuh2,2019-02-13,12,19.474,19.972,19.954
wuh2,2019-02-14,12,21.861,22.055,22.042
wuh2,2019-02-15,12,21.422,21.491,21.486
wuh2,2019-02-16,12,15.037,17.174,17.176
wuh2,2019-02-17,12,23.063,21.787,21.797
wuh2,2019-02-18,12,20.100,19.194,19.209
wuh2,2019-02-21,12,20.962,20.423,20.462
wuh2,2019-02-22,12,13.052,12.746,12.776
wuh2,2019-02-23,12,14.232,14.453,14.492
wuh2,2019-02-24,12,18.664,15.672,15.721
wuh2,2019-02-25,12,17.013,17.226,17.286
wuh2,2019-02-26,12,21.059,20.048,20.126
wuh2,2019-02-27,12,18.252,17.878,17.955
wuh2,2019-02-28,12,21.852,20.482,20.579
wuh2,2019-03-01,12,26.381,26.166,25.893
wuh2,2019-03-02,12,16.125,15.871,15.712
wuh2,2019-03-03,12,10.212,8.119,8.041
wuh2,2019-03-04,12,17.159,14.380,14.248
wuh2,2019-03-05,12,25.669,22.757,22.558
wuh2,2019-03-06,12,15.396,12.516,12.412
wuh2,2019-03-07,12,12.252,12.589,12.490
wuh2,2019-03-08,12,19.132,17.907,17.774
wuh2,2019-03-09,12,15.832,14.494,14.393
wuh2,2019-03-10,12,9.709,7.646,7.596
wuh2,2019-03-11,12,13.093,9.644,9.585
wuh2,2019-03-12,12,8.131,5.095,5.067
wuh2,2019-03-13,12,26.763,25.839,25.706
wuh2,2019-03-14,12,13.981,14.881,14.811
wuh2,2019-03-15,12,11.953,9.882,9.840
wuh2,2019-03-16,12,12.749,11.576,11.532
wuh2,2019-03-17,12,26.980,26.739,26.651
wuh2,2019-03-18,12,16.429,11.707,11.674
wuh2,2019-03-19,12,36.853,33.158,33.080
wuh2,2019-03-20,12,27.052,16.447,16.416
wuh2,2019-03-21,12,28.971,26.591,26.554
wuh2,2019-03-22,12,24.799,26.208,26.184
wuh2,2019-03-23,12,14.510,16.497,16.490
wuh2,2019-03-24,12,24.805,25.094,25.095
wuh2,2019-03-25,12,12.842,11.500,11.506
wuh2,2019-03-26,12,28.436,22.559,22.581
wuh2,2019-03-27,12,24.480,24.540,24.576
wuh2,2019-03-28,12,26.675,20.615,20.656
wuh2,2019-03-29,12,23.070,18.254,18.299
wuh2,2019-03-30,12,22.748,23.318,23.387
wuh2,2019-03-31,12,15.380,14.877,14.928
wuh2,2019-04-01,12,18.161,15.367,15.170
wuh2,2019-04-05,12,22.036,14.826,14.664
wuh2,2019-04-06,12,17.602,14.914,14.759
wuh2,2019-04-07,12,20.134,17.401,17.228
wuh2,2019-04-08,12,42.343,33.643,33.324
wuh2,2019-04-09,12,30.909,31.901,31.614
wuh2,2019-04-10,12,34.795,33.186,32.903
wuh2,2019-04-11,12,15.098,15.695,15.568
wuh2,2019-04-12,12,17.649,18.529,18.389
wuh2,2019-04-13,12,31.509,30.169,29.955
wuh2,2019-04-14,12,19.566,19.206,19.078
wuh2,2019-04-16,12,15.778,10.983,10.920
wuh2,2019-04-17,12,21.448,12.011,11.948
wuh2,2019-04-19,12,37.902,34.073,33.926
wuh2,2019-04-20,12,49.011,42.736,42.572
wuh2,2019-04-21,12,41.932,39.352,39.219
wuh2,2019-04-22,12,40.844,39.978,39.861
wuh2,2019-04-23,12,36.128,34.242,34.157
wuh2,2019-04-24,12,44.172,36.466,36.393
wuh2,2019-04-25,12,32.227,30.017,29.970
wuh2,2019-04-26,12,32.568,34.198,34.160
wuh2,2019-04-27,12,36.494,37.513,37.488
wuh2,2019-04-28,12,47.122,49.855,49.845
wuh2,2019-04-29,12,40.415,40.063,40.072
wuh2,2019-04-30,12,33.323,29.540,29.560
wuh2,2019-05-01,12,20.590,16.731,16.510
wuh2,2019-05-02,12,28.769,23.726,23.422
wuh2,2019-05-03,12,25.891,23.511,23.220
wuh2,2019-05-04,12,37.672,33.564,33.164
wuh2,2019-05-05,12,39.273,35.613,35.203
wuh2,2019-05-06,12,29.689,31.333,30.985
wuh2,2019-05-07,12,30.257,31.442,31.107
wuh2,2019-05-08,12,26.436,21.323,21.105
wuh2,2019-05-09,12,32.688,27.619,27.348
wuh2,2019-05-10,12,28.320,21.402,21.201
wuh2,2019-05-11,12,29.476,24.970,24.746
wuh2,2019-05-12,12,47.706,44.821,44.436
wuh2,2019-05-13,12,25.000,40.444,40.114
wuh2,2019-05-14,12,55.477,54.743,54.318
wuh2,2019-05-15,12,46.103,46.602,46.258
wuh2,2019-05-16,12,54.117,49.320,48.976
wuh2,2019-05-18,12,61.288,56.018,55.672
wuh2,2019-05-19,12,51.751,47.175,46.901
wuh2,2019-05-20,12,24.041,23.064,22.939
wuh2,2019-05-21,12,28.782,24.892,24.767
wuh2,2019-05-22,12,19.020,12.563,12.504
wuh2,2019-05-23,12,19.989,10.201,10.157
wuh2,2019-05-24,12,46.694,42.971,42.803
wuh2,2019-05-25,12,67.433,60.787,60.573
wuh2,2019-05-27,12,34.400,30.507,30.422
wuh2,2019-05-28,12,37.879,37.985,37.893
wuh2,2019-05-29,12,49.951,48.699,48.599
wuh2,2019-05-30,12,47.022,47.439,47.358
wuh2,2019-05-31,12,40.054,38.563,38.511
wuh2,2019-06-01,12,39.635,36.867,36.307
wuh2,2019-06-02,12,24.025,21.079,20.766
wuh2,2019-06-03,12,37.098,27.841,27.437
wuh2,2019-06-05,12,64.504,61.493,60.641
wuh2,2019-06-06,12,42.492,40.808,40.256
wuh2,2019-06-07,12,47.236,44.730,44.139
wuh2,2019-06-08,12,59.810,51.986,51.316
wuh2,2019-06-09,12,49.290,42.083,41.553
wuh2,2019-06-10,12,46.019,43.894,43.356
wuh2,2019-06-11,12,45.356,41.625,41.127
wuh2,2019-06-12,12,55.285,50.819,50.226
wuh2,2019-06-13,12,43.541,39.333,38.886
wuh2,2019-06-14,12,31.997,21.987,21.744
wuh2,2019-06-15,12,38.385,33.741,33.377
wuh2,2019-06-16,12,62.287,62.033,61.381
wuh2,2019-06-17,12,66.040,72.717,71.974
wuh2,2019-06-18,12,66.974,68.980,68.294
wuh2,2019-06-19,12,66.613,66.802,66.156
wuh2,2019-06-20,12,76.147,73.354,72.664
wuh2,2019-06-21,12,68.314,72.416,71.754
wuh2,2019-06-22,12,57.015,54.603,54.117
wuh2,2019-06-23,12,38.943,33.258,32.971
wuh2,2019-06-24,12,44.091,41.800,41.449
wuh2,2019-06-25,12,45.933,46.516,46.136
wuh2,2019-06-26,12,51.496,43.781,43.434
wuh2,2019-06-27,12,64.387,59.871,59.410
wuh2,2019-06-28,12,55.266,74.160,73.606
wuh2,2019-06-29,12,69.995,67.202,66.715
wuh2,2019-06-30,12,53.414,50.328,49.974
wuh2,2019-07-01,12,42.449,36.895,36.341
wuh2,2019-07-02,12,48.792,41.467,40.853
wuh2,2019-07-03,12,54.936,47.713,47.016
wuh2,2019-07-04,12,66.495,58.389,57.546
wuh2,2019-07-05,12,49.301,46.210,45.552
wuh2,2019-07-06,12,40.325,33.714,33.240
wuh2,2019-07-07,12,39.533,36.460,35.953
wuh2,2019-07-08,12,59.399,59.794,58.973
wuh2,2019-07-09,12,50.278,49.476,48.805
wuh2,2019-07-10,12,46.484,43.125,42.546
wuh2,2019-07-11,12,54.397,51.351,50.670
wuh2,2019-07-12,12,65.588,66.218,65.348
wuh2,2019-07-13,12,45.305,40.482,39.955
wuh2,2019-07-14,12,36.814,31.744,31.336
wuh2,2019-07-15,12,50.891,51.199,50.545
wuh2,2019-07-16,12,64.050,62.833,62.038
wuh2,2019-07-17,12,78.098,72.667,71.755
wuh2,2019-07-18,12,73.050,74.145,73.222
wuh2,2019-07-19,12,57.762,52.162,51.517
wuh2,2019-07-20,12,64.238,56.575,55.880
wuh2,2019-07-21,12,63.425,58.547,57.833
wuh2,2019-07-22,12,65.175,65.879,65.080
wuh2,2019-07-23,12,73.729,70.083,69.236
wuh2,2019-07-24,12,81.869,67.894,67.078
wuh2,2019-07-25,12,59.378,60.160,59.440
wuh2,2019-07-26,12,61.671,56.722,56.045
wuh2,2019-07-27,12,63.244,55.877,55.212
wuh2,2019-07-28,12,57.371,57.469,56.785
wuh2,2019-07-29,12,64.940,65.768,64.986
wuh2,2019-07-30,12,57.775,59.633,58.925
wuh2,2019-07-31,12,58.339,57.718,57.032
wuh2,2019-08-01,12,56.608,50.687,50.193
wuh2,2019-08-02,12,62.330,57.025,56.468
wuh2,2019-08-03,12,58.636,57.172,56.612
wuh2,2019-08-04,12,56.097,50.282,49.787
wuh2,2019-08-05,12,57.012,49.677,49.187
wuh2,2019-08-06,12,62.544,54.163,53.625
wuh2,2019-08-07,12,63.087,57.895,57.316
wuh2,2019-08-08,12,66.294,59.612,59.012
wuh2,2019-08-09,12,63.728,51.565,51.041
wuh2,2019-08-10,12,64.719,57.320,56.733
wuh2,2019-08-11,12,50.698,42.220,41.783
wuh2,2019-08-12,12,47.902,40.636,40.211
wuh2,2019-08-13,12,58.401,52.506,51.950
wuh2,2019-08-14,12,53.899,46.499,46.001
wuh2,2019-08-16,12,35.023,23.156,22.902
wuh2,2019-08-17,12,55.559,50.171,49.612
wuh2,2019-08-18,12,52.003,38.828,38.388
wuh2,2019-08-19,12,42.662,39.990,39.531
wuh2,2019-08-20,12,49.845,43.979,43.466
wuh2,2019-08-21,12,52.930,48.597,48.021
wuh2,2019-08-22,12,62.263,60.764,60.031
wuh2,2019-08-23,12,65.012,60.545,59.802
wuh2,2019-08-24,12,56.435,52.389,51.734
wuh2,2019-08-25,12,62.328,63.694,62.883
wuh2,2019-08-26,12,69.625,63.180,62.361
wuh2,2019-08-27,12,63.869,62.357,61.533
wuh2,2019-08-28,12,58.374,54.287,53.555
wuh2,2019-08-29,12,34.444,34.257,33.787
wuh2,2019-08-30,12,31.171,25.068,24.717
wuh2,2019-08-31,12,46.503,44.671,44.031
wuh2,2019-09-01,12,47.428,44.823,44.945
wuh2,2019-09-02,12,41.446,43.866,43.972
wuh2,2019-09-03,12,42.767,36.079,36.154
wuh2,2019-09-04,12,48.647,43.531,43.608
wuh2,2019-09-05,12,43.131,36.179,36.231
wuh2,2019-09-06,12,39.858,31.955,31.990
wuh2,2019-09-07,12,34.111,19.809,19.824
wuh2,2019-09-08,12,38.617,22.266,22.274
wuh2,2019-09-09,12,42.678,29.533,29.532
wuh2,2019-09-11,12,59.011,46.530,46.494
wuh2,2019-09-12,12,51.400,42.694,42.643
wuh2,2019-09-13,12,61.801,51.760,51.678
wuh2,2019-09-14,12,62.694,49.608,49.508
wuh2,2019-09-15,12,52.820,49.628,49.507
wuh2,2019-09-16,12,48.927,48.035,47.897
wuh2,2019-09-17,12,48.492,48.766,48.605
wuh2,2019-09-18,12,45.806,43.291,43.129
wuh2,2019-09-19,12,41.668,36.742,36.587
wuh2,2019-09-20,12,36.161,28.108,27.976
wuh2,2019-09-21,12,26.056,22.884,22.766
wuh2,2019-09-23,12,21.651,18.551,18.438
wuh2,2019-09-24,12,31.156,27.909,27.725
wuh2,2019-09-25,12,35.065,32.636,32.404
wuh2,2019-09-27,12,26.778,22.233,22.053
wuh2,2019-09-28,12,25.463,21.203,21.019
wuh2,2019-09-29,12,26.263,20.353,20.166
wuh2,2019-09-30,12,33.876,23.460,23.232
wuh2,2019-10-01,12,28.076,16.909,16.998
wuh2,2019-10-02,12,39.015,29.272,29.410
wuh2,2019-10-03,12,42.804,31.899,32.032
wuh2,2019-10-04,12,46.816,39.127,39.268
wuh2,2019-10-05,12,51.117,52.433,52.591
wuh2,2019-10-06,12,40.504,42.884,42.989
wuh2,2019-10-07,12,41.071,38.998,39.071
wuh2,2019-10-08,12,45.278,44.169,44.226
wuh2,2019-10-09,12,46.222,41.681,41.710
wuh2,2019-10-10,12,50.243,46.690,46.694
wuh2,2019-10-11,12,51.489,46.941,46.918
wuh2,2019-10-13,12,37.305,37.329,37.265
wuh2,2019-10-14,12,36.638,37.368,37.281
wuh2,2019-10-15,12,36.154,36.278,36.172
wuh2,2019-10-16,12,34.534,36.694,36.564
wuh2,2019-10-17,12,25.968,26.510,26.400
wuh2,2019-10-18,12,17.577,14.655,14.585
wuh2,2019-10-20,12,22.346,14.901,14.812
wuh2,2019-10-22,12,36.716,32.154,31.921
wuh2,2019-10-23,12,29.295,24.964,24.767
wuh2,2019-10-24,12,30.833,24.586,24.378
wuh2,2019-10-25,12,29.435,30.235,29.959
wuh2,2019-10-26,12,31.596,30.009,29.717
wuh2,2019-10-27,12,27.850,26.908,26.629
wuh2,2019-10-28,12,15.611,10.801,10.683
wuh2,2019-10-29,12,15.215,9.878,9.763
wuh2,2019-10-30,12,17.439,8.952,8.842
wuh2,2019-10-31,12,19.231,12.927,12.761
wuh2,2019-11-01,12,18.272,13.363,13.385
wuh2,2019-11-03,12,18.060,15.679,15.686
wuh2,2019-11-04,12,18.749,16.105,16.102
wuh2,2019-11-05,12,24.351,19.381,19.365
wuh2,2019-11-06,12,25.700,22.996,22.962
wuh2,2019-11-07,12,20.204,16.718,16.683
wuh2,2019-11-08,12,18.241,13.775,13.739
wuh2,2019-11-09,12,22.043,14.805,14.757
wuh2,2019-11-10,12,13.427,7.743,7.713
wuh2,2019-11-11,12,29.454,20.521,20.429
wuh2,2019-11-12,12,37.822,33.406,33.236
wuh2,2019-11-13,12,15.364,11.325,11.260
wuh2,2019-11-14,12,14.037,10.361,10.296
wuh2,2019-11-15,12,23.582,15.003,14.901
wuh2,2019-11-16,12,34.586,28.463,28.252
wuh2,2019-11-17,12,30.650,29.555,29.318
wuh2,2019-11-18,12,6.788,7.170,7.108
wuh2,2019-11-20,12,13.900,13.241,13.112
wuh2,2019-11-21,12,19.437,18.179,17.993
wuh2,2019-11-22,12,23.139,18.911,18.707
wuh2,2019-11-23,12,25.773,21.024,20.786
wuh2,2019-11-25,12,21.550,25.483,25.169
wuh2,2019-11-26,12,30.615,31.690,31.283
wuh2,2019-11-27,12,18.931,22.878,22.574
wuh2,2019-11-29,12,23.692,23.651,23.312
wuh2,2019-11-30,12,22.702,22.460,22.128
wuh2,2019-12-01,12,11.046,13.140,13.136
wuh2,2019-12-02,12,5.681,8.461,8.454
wuh2,2019-12-03,12,10.997,9.245,9.234
wuh2,2019-12-04,12,5.299,8.659,8.645
wuh2,2019-12-05,12,7.521,9.973,9.952
wuh2,2019-12-06,12,11.715,9.908,9.883
wuh2,2019-12-07,12,9.534,9.274,9.247
wuh2,2019-12-08,12,12.479,11.456,11.418
wuh2,2019-12-09,12,12.141,8.922,8.888
wuh2,2019-12-10,12,10.340,8.343,8.308
urum,2019-01-01,0,5.740,4.758,4.634
urum,2019-01-02,0,3.888,1.909,1.859
urum,2019-01-03,0,6.102,4.694,4.570
urum,2019-01-04,0,5.515,1.810,1.762
urum,2019-01-05,0,5.168,1.571,1.529
urum,2019-01-10,0,4.410,1.108,1.078
urum,2019-01-11,0,4.068,0.021,0.021
urum,2019-01-13,0,5.969,6.492,6.315
urum,2019-01-15,0,3.924,1.444,1.405
urum,2019-01-16,0,5.008,1.193,1.160
urum,2019-01-18,0,5.982,4.182,4.068
urum,2019-01-19,0,4.984,4.868,4.736
urum,2019-01-21,0,2.803,-1.025,-0.998
urum,2019-01-25,0,5.519,5.583,5.436
urum,2019-01-26,0,4.899,4.497,4.379
urum,2019-01-27,0,3.751,1.165,1.135
urum,2019-01-28,0,3.915,2.630,2.562
urum,2019-01-30,0,1.120,-0.174,-0.169
urum,2019-01-31,0,1.800,-0.613,-0.598
urum,2019-02-01,0,7.246,3.645,3.558
urum,2019-02-03,0,5.041,3.978,3.885
urum,2019-02-04,0,3.986,0.920,0.899
urum,2019-02-05,0,6.422,2.637,2.577
urum,2019-02-06,0,5.328,0.337,0.329
urum,2019-02-07,0,3.313,1.954,1.910
urum,2019-02-08,0,3.207,4.880,4.773
urum,2019-02-09,0,4.050,5.534,5.415
urum,2019-02-10,0,2.560,1.175,1.151
urum,2019-02-11,0,4.385,3.557,3.483
urum,2019-02-12,0,5.402,3.554,3.481
urum,2019-02-13,0,4.729,5.547,5.435
urum,2019-02-14,0,2.063,2.657,2.605
urum,2019-02-15,0,3.292,2.217,2.174
urum,2019-02-16,0,4.214,4.918,4.824
urum,2019-02-17,0,4.606,1.957,1.920
urum,2019-02-18,0,3.370,-0.976,-0.958
urum,2019-02-20,0,4.704,1.933,1.900
urum,2019-02-21,0,3.841,1.132,1.113
urum,2019-02-22,0,6.911,8.126,7.995
urum,2019-02-23,0,6.533,7.319,7.204
urum,2019-02-24,0,5.011,3.557,3.503
urum,2019-02-25,0,4.192,1.874,1.846
urum,2019-02-26,0,4.135,1.457,1.436
urum,2019-02-27,0,4.745,1.786,1.762
urum,2019-02-28,0,4.263,-1.090,-1.076
urum,2019-03-01,0,5.187,-0.715,-0.685
urum,2019-03-02,0,5.857,0.233,0.223
urum,2019-03-03,0,4.265,-2.479,-2.377
urum,2019-03-04,0,5.760,1.145,1.099
urum,2019-03-05,0,4.616,3.283,3.151
urum,2019-03-06,0,7.025,4.567,4.387
urum,2019-03-07,0,8.694,5.308,5.101
urum,2019-03-08,0,6.515,4.896,4.709
urum,2019-03-09,0,8.179,6.609,6.360
urum,2019-03-10,0,4.286,3.821,3.679
urum,2019-03-11,0,5.081,4.340,4.181
urum,2019-03-12,0,7.289,6.071,5.852
urum,2019-03-13,0,4.911,4.915,4.740
urum,2019-03-14,0,3.730,2.962,2.858
urum,2019-03-15,0,6.132,7.808,7.540
urum,2019-03-16,0,6.424,3.034,2.932
urum,2019-03-17,0,4.803,0.718,0.695
urum,2019-03-18,0,7.472,3.419,3.308
urum,2019-03-19,0,3.435,1.280,1.239
urum,2019-03-20,0,2.006,-0.036,-0.035
urum,2019-03-21,0,4.183,2.864,2.777
urum,2019-03-22,0,4.991,4.626,4.487
urum,2019-03-23,0,4.208,2.637,2.559
urum,2019-03-24,0,7.547,4.934,4.793
urum,2019-03-25,0,10.521,9.409,9.145
urum,2019-03-26,0,8.282,7.568,7.360
urum,2019-03-27,0,7.157,5.417,5.272
urum,2019-03-28,0,10.163,7.317,7.125
urum,2019-03-29,0,9.484,8.191,7.982
urum,2019-03-30,0,7.965,6.058,5.906
urum,2019-04-02,0,11.552,11.297,10.879
urum,2019-04-03,0,11.467,11.774,11.347
urum,2019-04-04,0,6.859,2.114,2.039
urum,2019-04-05,0,13.589,12.084,11.661
urum,2019-04-06,0,14.350,12.101,11.684
urum,2019-04-07,0,13.428,12.569,12.145
urum,2019-04-08,0,6.939,4.592,4.440
urum,2019-04-09,0,3.619,3.785,3.661
urum,2019-04-10,0,7.828,6.357,6.154
urum,2019-04-11,0,15.417,15.902,15.405
urum,2019-04-13,0,11.047,8.946,8.677
urum,2019-04-14,0,13.494,12.181,11.823
urum,2019-04-15,0,7.180,2.647,2.571
urum,2019-04-16,0,13.708,8.235,8.003
urum,2019-04-17,0,17.888,15.982,15.543
urum,2019-04-18,0,10.642,6.030,5.868
urum,2019-04-19,0,11.779,10.736,10.454
urum,2019-04-20,0,11.085,10.174,9.913
urum,2019-04-21,0,19.272,15.715,15.321
urum,2019-04-22,0,20.614,15.497,15.118
urum,2019-04-23,0,15.540,15.354,14.988
urum,2019-04-24,0,19.096,14.415,14.080
urum,2019-04-25,0,17.403,15.270,14.924
urum,2019-04-26,0,16.942,16.871,16.499
urum,2019-04-27,0,12.660,12.522,12.253
urum,2019-04-28,0,13.276,12.344,12.087
urum,2019-04-29,0,9.921,9.655,9.459
urum,2019-04-30,0,10.814,7.832,7.678
urum,2019-05-01,0,17.119,15.984,15.476
urum,2019-05-02,0,16.457,13.193,12.781
urum,2019-05-03,0,14.913,12.265,11.889
urum,2019-05-04,0,16.905,17.800,17.266
urum,2019-05-05,0,15.624,15.298,14.847
urum,2019-05-06,0,13.270,17.360,16.858
urum,2019-05-07,0,12.429,13.446,13.065
urum,2019-05-08,0,13.132,13.289,12.919
urum,2019-05-09,0,12.731,12.109,11.778
urum,2019-05-10,0,11.737,8.712,8.479
urum,2019-05-11,0,7.150,5.742,5.591
urum,2019-05-12,0,5.868,6.700,6.528
urum,2019-05-14,0,15.045,15.014,14.643
urum,2019-05-15,0,9.712,7.045,6.875
urum,2019-05-16,0,13.959,12.144,11.856
urum,2019-05-17,0,12.403,10.448,10.206
urum,2019-05-18,0,4.129,5.490,5.366
urum,2019-05-19,0,5.849,5.606,5.482
urum,2019-05-20,0,9.989,8.570,8.384
urum,2019-05-21,0,11.305,8.404,8.226
urum,2019-05-22,0,13.877,11.609,11.369
urum,2019-05-23,0,19.433,21.813,21.371
urum,2019-05-24,0,10.050,10.905,10.689
urum,2019-05-25,0,5.233,4.587,4.498
urum,2019-05-27,0,14.833,18.729,18.384
urum,2019-05-28,0,19.713,23.824,23.396
urum,2019-05-29,0,13.508,14.401,14.149
urum,2019-05-30,0,8.923,9.082,8.927
urum,2019-05-31,0,8.527,8.489,8.348
urum,2019-06-01,0,14.267,14.601,14.110
urum,2019-06-02,0,16.729,17.199,16.627
urum,2019-06-03,0,24.378,24.919,24.101
urum,2019-06-04,0,16.516,18.469,17.870
urum,2019-06-05,0,25.209,26.183,25.343
urum,2019-06-06,0,18.206,18.945,18.345
urum,2019-06-07,0,28.045,28.855,27.952
urum,2019-06-08,0,9.125,8.626,8.359
urum,2019-06-09,0,16.655,21.010,20.368
urum,2019-06-10,0,11.938,13.163,12.765
urum,2019-06-11,0,24.448,25.285,24.529
urum,2019-06-12,0,25.788,26.658,25.870
urum,2019-06-13,0,25.020,26.361,25.591
urum,2019-06-14,0,23.420,19.932,19.357
urum,2019-06-15,0,18.782,15.549,15.105
urum,2019-06-16,0,21.143,20.035,19.469
urum,2019-06-17,0,21.782,22.048,21.432
urum,2019-06-18,0,16.574,15.853,15.414
urum,2019-06-19,0,22.302,21.931,21.331
urum,2019-06-20,0,25.956,26.693,25.971
urum,2019-06-21,0,25.686,28.704,27.936
urum,2019-06-22,0,25.918,25.727,25.045
urum,2019-06-23,0,25.899,26.092,25.407
urum,2019-06-24,0,25.006,22.547,21.962
urum,2019-06-25,0,21.788,22.795,22.208
urum,2019-06-26,0,21.826,21.016,20.480
urum,2019-06-27,0,20.467,18.317,17.854
urum,2019-06-28,0,15.621,12.359,12.050
urum,2019-06-29,0,17.293,16.665,16.251
urum,2019-06-30,0,20.236,19.002,18.535
urum,2019-07-01,0,22.552,20.281,19.567
urum,2019-07-02,0,23.705,21.772,21.010
urum,2019-07-03,0,17.234,17.611,16.998
urum,2019-07-04,0,16.038,19.023,18.364
urum,2019-07-05,0,28.797,28.763,27.772
urum,2019-07-06,0,19.290,18.591,17.953
urum,2019-07-07,0,14.385,14.269,13.781
urum,2019-07-08,0,23.815,28.187,27.229
urum,2019-07-09,0,25.274,26.573,25.673
urum,2019-07-10,0,24.424,25.229,24.378
urum,2019-07-11,0,26.194,22.622,21.862
urum,2019-07-12,0,13.863,14.891,14.392
urum,2019-07-13,0,19.987,15.675,15.151
urum,2019-07-14,0,19.998,14.956,14.458
urum,2019-07-17,0,19.109,18.590,17.976
urum,2019-07-18,0,27.024,24.137,23.341
urum,2019-07-19,0,19.970,17.705,17.122
urum,2019-07-20,0,23.347,19.657,19.011
urum,2019-07-21,0,17.653,23.388,22.620
urum,2019-07-22,0,22.506,23.874,23.091
urum,2019-07-23,0,20.853,20.807,20.125
urum,2019-07-24,0,21.463,19.841,19.191
urum,2019-07-25,0,26.184,27.968,27.052
urum,2019-07-26,0,19.413,16.395,15.858
urum,2019-07-27,0,15.848,15.642,15.129
urum,2019-07-28,0,19.743,18.546,17.937
urum,2019-07-29,0,11.241,13.054,12.625
urum,2019-07-30,0,20.943,18.934,18.311
urum,2019-07-31,0,33.167,34.282,33.152
urum,2019-08-01,0,19.127,17.265,16.747
urum,2019-08-02,0,26.830,22.838,22.150
urum,2019-08-03,0,21.913,21.349,20.704
urum,2019-08-04,0,29.939,25.831,25.049
urum,2019-08-05,0,29.435,28.657,27.786
urum,2019-08-06,0,27.569,25.353,24.580
urum,2019-08-07,0,21.601,20.672,20.039
urum,2019-08-08,0,18.495,17.349,16.815
urum,2019-08-09,0,13.736,9.151,8.869
urum,2019-08-10,0,23.133,23.480,22.751
urum,2019-08-11,0,16.091,16.523,16.008
urum,2019-08-12,0,13.726,12.151,11.771
urum,2019-08-13,0,14.457,13.265,12.847
urum,2019-08-14,0,17.846,13.132,12.715
urum,2019-08-15,0,26.475,26.428,25.585
urum,2019-08-16,0,20.487,19.199,18.583
urum,2019-08-17,0,24.764,24.680,23.882
urum,2019-08-18,0,30.640,29.502,28.541
urum,2019-08-19,0,21.123,21.257,20.560
urum,2019-08-20,0,23.780,27.692,26.777
urum,2019-08-21,0,21.930,22.612,21.859
urum,2019-08-22,0,22.563,21.174,20.463
urum,2019-08-23,0,20.137,20.388,19.699
urum,2019-08-24,0,22.970,23.806,22.994
urum,2019-08-25,0,27.330,28.250,27.278
urum,2019-08-26,0,21.228,22.493,21.712
urum,2019-08-27,0,17.694,18.185,17.548
urum,2019-08-28,0,20.865,20.741,20.008
urum,2019-08-29,0,24.758,22.294,21.499
urum,2019-08-30,0,18.949,15.645,15.081
urum,2019-08-31,0,29.563,28.809,27.761
urum,2019-09-01,0,32.351,32.899,32.322
urum,2019-09-02,0,23.039,21.248,20.867
urum,2019-09-03,0,32.903,28.376,27.856
urum,2019-09-04,0,17.056,13.714,13.457
urum,2019-09-05,0,24.421,20.722,20.326
urum,2019-09-06,0,12.508,10.023,9.828
urum,2019-09-07,0,22.967,24.051,23.571
urum,2019-09-08,0,16.374,15.677,15.358
urum,2019-09-09,0,19.106,18.195,17.816
urum,2019-09-10,0,25.385,22.655,22.173
urum,2019-09-11,0,17.258,18.384,17.984
urum,2019-09-12,0,9.268,13.607,13.305
urum,2019-09-13,0,10.192,11.424,11.164
urum,2019-09-14,0,8.776,9.790,9.563
urum,2019-09-15,0,10.258,9.883,9.648
urum,2019-09-16,0,13.079,13.376,13.052
urum,2019-09-17,0,20.971,21.854,21.314
urum,2019-09-18,0,15.044,16.140,15.732
urum,2019-09-19,0,9.256,8.755,8.530
urum,2019-09-20,0,13.731,13.045,12.702
urum,2019-09-21,0,10.667,11.490,11.181
urum,2019-09-23,0,9.510,7.313,7.109
urum,2019-09-24,0,10.396,9.152,8.891
urum,2019-09-25,0,18.551,17.604,17.092
urum,2019-09-27,0,16.076,14.299,13.866
urum,2019-09-28,0,12.793,7.978,7.731
urum,2019-09-29,0,19.156,14.063,13.621
urum,2019-09-30,0,20.004,16.647,16.112
urum,2019-10-01,0,16.001,13.177,13.015
urum,2019-10-02,0,15.641,15.897,15.692
urum,2019-10-03,0,10.167,9.900,9.766
urum,2019-10-04,0,12.800,10.525,10.376
urum,2019-10-05,0,9.793,8.415,8.290
urum,2019-10-06,0,13.075,12.067,11.880
urum,2019-10-07,0,11.324,8.985,8.839
urum,2019-10-08,0,11.936,9.590,9.428
urum,2019-10-09,0,15.133,13.136,12.906
urum,2019-10-10,0,14.548,11.096,10.894
urum,2019-10-13,0,16.488,14.111,13.825
urum,2019-10-14,0,13.044,11.348,11.110
urum,2019-10-15,0,9.988,7.165,7.010
urum,2019-10-16,0,13.272,11.777,11.514
urum,2019-10-17,0,11.196,6.298,6.153
urum,2019-10-18,0,13.780,12.078,11.791
urum,2019-10-20,0,5.845,2.410,2.349
urum,2019-10-22,0,9.577,9.088,8.845
urum,2019-10-23,0,2.607,2.396,2.330
urum,2019-10-24,0,2.725,2.653,2.579
urum,2019-10-25,0,3.806,2.243,2.178
urum,2019-10-26,0,4.409,1.687,1.638
urum,2019-10-27,0,8.112,6.966,6.755
urum,2019-10-28,0,4.463,1.501,1.454
urum,2019-10-29,0,8.435,7.790,7.543
urum,2019-10-30,0,6.324,2.594,2.509
urum,2019-10-31,0,6.479,1.413,1.367
urum,2019-11-01,0,11.338,6.840,6.826
urum,2019-11-02,0,8.723,4.633,4.620
urum,2019-11-03,0,11.714,10.822,10.783
urum,2019-11-04,0,10.969,6.084,6.057
urum,2019-11-05,0,9.343,6.138,6.107
urum,2019-11-06,0,11.305,8.678,8.627
urum,2019-11-07,0,10.748,9.712,9.649
urum,2019-11-08,0,8.411,7.428,7.374
urum,2019-11-09,0,7.597,5.957,5.910
urum,2019-11-10,0,8.408,2.861,2.836
urum,2019-11-11,0,9.145,7.717,7.644
urum,2019-11-12,0,6.319,7.774,7.695
urum,2019-11-13,0,5.310,3.699,3.659
urum,2019-11-20,0,4.355,-0.306,-0.301
urum,2019-11-21,0,5.826,2.740,2.695
urum,2019-11-22,0,6.210,5.514,5.420
urum,2019-11-23,0,3.516,5.510,5.413
urum,2019-11-24,0,4.795,4.939,4.848
urum,2019-11-25,0,5.399,4.782,4.691
urum,2019-11-26,0,6.717,4.936,4.840
urum,2019-11-27,0,3.770,3.237,3.172
urum,2019-11-28,0,4.154,3.488,3.416
urum,2019-11-30,0,2.666,3.678,3.597
urum,2019-12-02,0,2.646,1.824,1.786
urum,2019-12-03,0,2.624,1.125,1.101
urum,2019-12-04,0,5.101,4.301,4.207
urum,2019-12-06,0,4.811,2.796,2.731
urum,2019-12-07,0,9.219,9.171,8.955
urum,2019-12-08,0,4.600,4.908,4.790
urum,2019-12-09,0,4.429,2.052,2.002
urum,2019-12-10,0,4.457,-0.460,-0.449
urum,2019-01-01,12,6.265,3.117,3.036
urum,2019-01-02,12,4.240,2.887,2.812
urum,2019-01-03,12,5.394,4.419,4.302
urum,2019-01-04,12,4.530,-0.831,-0.809
urum,2019-01-05,12,4.949,3.308,3.220
urum,2019-01-10,12,3.595,-0.974,-0.948
urum,2019-01-11,12,2.992,-1.266,-1.232
urum,2019-01-13,12,4.536,5.910,5.749
urum,2019-01-15,12,4.096,-0.914,-0.889
urum,2019-01-16,12,6.746,3.754,3.651
urum,2019-01-17,12,7.086,5.032,4.895
urum,2019-01-18,12,5.612,2.859,2.781
urum,2019-01-19,12,3.986,3.054,2.972
urum,2019-01-21,12,4.473,3.117,3.034
urum,2019-01-25,12,5.661,5.104,4.969
urum,2019-01-26,12,4.054,1.465,1.426
urum,2019-01-27,12,3.566,1.096,1.067
urum,2019-01-28,12,4.577,4.762,4.639
urum,2019-01-30,12,1.976,1.212,1.181
urum,2019-01-31,12,3.841,0.185,0.180
urum,2019-02-03,12,4.540,4.016,3.923
urum,2019-02-04,12,4.111,1.506,1.471
urum,2019-02-05,12,6.652,2.291,2.239
urum,2019-02-06,12,5.717,4.737,4.631
urum,2019-02-07,12,3.263,4.802,4.696
urum,2019-02-08,12,3.518,3.619,3.540
urum,2019-02-09,12,3.487,2.365,2.314
urum,2019-02-10,12,3.864,1.904,1.864
urum,2019-02-11,12,3.651,2.523,2.471
urum,2019-02-12,12,5.935,4.609,4.516
urum,2019-02-13,12,1.707,3.047,2.987
urum,2019-02-14,12,2.983,2.974,2.916
urum,2019-02-15,12,4.108,3.710,3.639
urum,2019-02-16,12,3.633,4.035,3.959
urum,2019-02-17,12,4.106,-0.929,-0.912
urum,2019-02-18,12,3.818,0.096,0.095
urum,2019-02-20,12,3.987,2.180,2.143
urum,2019-02-21,12,5.359,6.594,6.486
urum,2019-02-22,12,7.013,10.127,9.965
urum,2019-02-23,12,5.958,7.197,7.085
urum,2019-02-24,12,4.863,3.054,3.008
urum,2019-02-25,12,3.868,2.248,2.215
urum,2019-02-26,12,4.831,2.686,2.649
urum,2019-02-27,12,4.209,1.384,1.365
urum,2019-02-28,12,3.998,-0.460,-0.454
urum,2019-03-02,12,5.115,0.259,0.248
urum,2019-03-03,12,3.927,1.461,1.402
urum,2019-03-04,12,4.300,1.975,1.895
urum,2019-03-05,12,5.835,5.061,4.860
urum,2019-03-06,12,8.038,7.055,6.779
urum,2019-03-07,12,6.815,4.923,4.733
urum,2019-03-08,12,7.442,7.264,6.988
urum,2019-03-09,12,6.360,6.859,6.601
urum,2019-03-10,12,5.678,6.409,6.173
urum,2019-03-11,12,4.524,6.296,6.067
urum,2019-03-12,12,7.229,7.873,7.592
urum,2019-03-13,12,4.229,5.000,4.824
urum,2019-03-14,12,5.313,4.303,4.154
urum,2019-03-15,12,6.200,4.178,4.037
urum,2019-03-16,12,5.979,4.676,4.520
urum,2019-03-17,12,5.384,2.189,2.118
urum,2019-03-18,12,10.600,7.490,7.249
urum,2019-03-19,12,2.790,2.961,2.868
urum,2019-03-20,12,3.480,2.779,2.693
urum,2019-03-21,12,5.956,6.562,6.363
urum,2019-03-22,12,5.066,5.732,5.562
urum,2019-03-23,12,6.662,5.035,4.889
urum,2019-03-24,12,8.742,4.835,4.698
urum,2019-03-25,12,12.772,11.866,11.537
urum,2019-03-26,12,12.099,10.830,10.536
urum,2019-03-27,12,6.129,5.594,5.446
urum,2019-03-28,12,9.263,5.045,4.915
urum,2019-03-29,12,11.785,10.339,10.079
urum,2019-03-30,12,7.779,6.392,6.235
urum,2019-04-02,12,10.073,9.169,8.833
urum,2019-04-03,12,8.465,8.753,8.438
urum,2019-04-04,12,8.693,9.266,8.938
urum,2019-04-05,12,12.768,11.411,11.015
urum,2019-04-06,12,16.445,16.136,15.586
urum,2019-04-07,12,8.331,7.216,6.975
urum,2019-04-08,12,5.788,5.362,5.186
urum,2019-04-09,12,4.630,2.308,2.234
urum,2019-04-10,12,10.298,9.714,9.407
urum,2019-04-11,12,15.787,14.180,13.741
urum,2019-04-13,12,11.589,9.802,9.511
urum,2019-04-14,12,9.701,5.703,5.537
urum,2019-04-15,12,9.692,2.300,2.234
urum,2019-04-16,12,20.123,15.511,15.080
urum,2019-04-17,12,20.560,17.351,16.879
urum,2019-04-18,12,8.014,5.958,5.800
urum,2019-04-19,12,11.297,9.265,9.024
urum,2019-04-20,12,14.891,10.221,9.962
urum,2019-04-21,12,22.824,17.400,16.970
urum,2019-04-22,12,20.045,19.776,19.298
urum,2019-04-23,12,17.105,15.930,15.555
urum,2019-04-24,12,15.466,11.797,11.527
urum,2019-04-25,12,20.445,20.672,20.211
urum,2019-04-26,12,14.646,13.228,12.941
urum,2019-04-27,12,11.474,12.446,12.182
urum,2019-04-28,12,9.517,10.773,10.552
urum,2019-04-29,12,11.798,11.081,10.860
urum,2019-04-30,12,10.595,7.168,7.029
urum,2019-05-01,12,20.295,17.802,17.242
urum,2019-05-02,12,9.950,11.483,11.129
urum,2019-05-03,12,16.086,15.136,14.677
urum,2019-05-04,12,16.896,19.917,19.325
urum,2019-05-05,12,13.696,16.663,16.176
urum,2019-05-06,12,12.987,14.936,14.508
urum,2019-05-07,12,13.686,14.655,14.243
urum,2019-05-08,12,12.374,13.058,12.698
urum,2019-05-09,12,10.924,9.608,9.348
urum,2019-05-10,12,10.940,8.583,8.356
urum,2019-05-11,12,6.129,6.717,6.542
urum,2019-05-12,12,9.315,8.890,8.663
urum,2019-05-13,12,13.238,13.495,13.159
urum,2019-05-14,12,10.431,10.315,10.063
urum,2019-05-15,12,14.646,11.475,11.200
urum,2019-05-16,12,13.550,13.596,13.278
urum,2019-05-17,12,8.057,11.292,11.033
urum,2019-05-18,12,4.228,4.767,4.660
urum,2019-05-19,12,7.875,8.390,8.206
urum,2019-05-20,12,11.608,11.119,10.881
urum,2019-05-21,12,11.581,8.357,8.182
urum,2019-05-22,12,18.405,17.980,17.612
urum,2019-05-23,12,18.881,17.256,16.911
urum,2019-05-24,12,7.955,7.922,7.767
urum,2019-05-25,12,10.553,7.900,7.749
urum,2019-05-27,12,21.646,23.387,22.961
urum,2019-05-28,12,10.241,13.151,12.918
urum,2019-05-29,12,11.375,12.182,11.971
urum,2019-05-30,12,7.412,5.045,4.960
urum,2019-05-31,12,15.770,14.578,14.338
urum,2019-06-01,12,15.950,13.730,13.271
urum,2019-06-02,12,18.935,17.497,16.919
urum,2019-06-03,12,13.954,12.804,12.386
urum,2019-06-04,12,17.099,16.389,15.860
urum,2019-06-05,12,20.464,21.915,21.216
urum,2019-06-06,12,18.365,17.857,17.295
urum,2019-06-07,12,24.627,24.192,23.439
urum,2019-06-08,12,10.647,10.424,10.103
urum,2019-06-10,12,22.335,23.625,22.915
urum,2019-06-11,12,23.853,26.179,25.402
urum,2019-06-12,12,28.057,30.349,29.458
urum,2019-06-13,12,14.400,16.677,16.193
urum,2019-06-14,12,18.559,17.822,17.311
urum,2019-06-15,12,7.883,16.779,16.302
urum,2019-06-17,12,15.850,17.533,17.046
urum,2019-06-18,12,17.790,18.509,18.001
urum,2019-06-19,12,23.043,23.397,22.761
urum,2019-06-20,12,30.814,32.767,31.885
urum,2019-06-21,12,27.834,28.325,27.570
urum,2019-06-22,12,24.070,25.134,24.472
urum,2019-06-23,12,29.251,33.079,32.215
urum,2019-06-24,12,20.076,23.713,23.100
urum,2019-06-25,12,17.337,21.195,20.652
urum,2019-06-26,12,19.967,18.287,17.823
urum,2019-06-27,12,19.644,19.360,18.874
urum,2019-06-28,12,14.107,13.247,12.917
urum,2019-06-29,12,19.779,18.917,18.450
urum,2019-06-30,12,18.961,21.744,21.211
urum,2019-07-01,12,20.390,18.691,18.035
urum,2019-07-02,12,25.871,20.361,19.650
urum,2019-07-03,12,15.606,16.155,15.594
urum,2019-07-04,12,30.481,33.816,32.647
urum,2019-07-05,12,16.169,18.410,17.777
urum,2019-07-06,12,11.955,11.349,10.961
urum,2019-07-07,12,15.505,17.120,16.536
urum,2019-07-08,12,27.245,27.674,26.735
urum,2019-07-09,12,18.353,18.330,17.711
urum,2019-07-10,12,23.580,29.658,28.659
urum,2019-07-11,12,13.905,15.623,15.099
urum,2019-07-12,12,22.312,17.219,16.643
urum,2019-07-13,12,21.789,17.276,16.700
urum,2019-07-14,12,22.472,21.226,20.520
urum,2019-07-17,12,20.189,21.418,20.711
urum,2019-07-18,12,20.119,20.611,19.932
urum,2019-07-19,12,18.878,18.166,17.568
urum,2019-07-20,12,22.910,22.690,21.944
urum,2019-07-21,12,22.574,20.408,19.738
urum,2019-07-22,12,22.406,22.435,21.700
urum,2019-07-23,12,21.795,21.329,20.630
urum,2019-07-24,12,20.739,21.141,20.449
urum,2019-07-25,12,25.642,23.088,22.331
urum,2019-07-26,12,15.441,17.233,16.668
urum,2019-07-27,12,26.993,24.037,23.248
urum,2019-07-28,12,13.990,12.731,12.313
urum,2019-07-29,12,16.131,15.721,15.204
urum,2019-07-30,12,17.555,19.135,18.506
urum,2019-07-31,12,21.102,19.386,18.747
urum,2019-08-01,12,31.965,28.901,28.032
urum,2019-08-02,12,13.283,13.727,13.314
urum,2019-08-03,12,22.848,22.161,21.491
urum,2019-08-04,12,31.064,29.134,28.251
urum,2019-08-05,12,29.007,31.079,30.133
urum,2019-08-06,12,19.103,19.386,18.794
urum,2019-08-07,12,21.281,20.898,20.257
urum,2019-08-08,12,14.853,13.446,13.031
urum,2019-08-09,12,14.386,13.028,12.624
urum,2019-08-10,12,32.419,31.496,30.517
urum,2019-08-11,12,13.355,12.277,11.893
urum,2019-08-12,12,13.391,12.372,11.983
urum,2019-08-13,12,17.641,17.536,16.981
urum,2019-08-14,12,17.403,22.829,22.103
urum,2019-08-15,12,27.918,31.096,30.101
urum,2019-08-16,12,21.237,22.795,22.061
urum,2019-08-17,12,30.927,31.066,30.059
urum,2019-08-19,12,14.367,22.500,21.759
urum,2019-08-20,12,26.150,25.924,25.065
urum,2019-08-21,12,20.426,21.016,20.314
urum,2019-08-22,12,25.449,22.885,22.114
urum,2019-08-23,12,23.054,25.783,24.908
urum,2019-08-24,12,26.076,28.717,27.733
urum,2019-08-26,12,12.903,13.709,13.231
urum,2019-08-27,12,14.959,15.905,15.346
urum,2019-08-28,12,23.303,22.170,21.383
urum,2019-08-29,12,15.570,16.288,15.705
urum,2019-08-30,12,19.401,18.530,17.859
urum,2019-08-31,12,27.457,23.988,23.112
urum,2019-09-01,12,24.738,18.259,17.936
urum,2019-09-02,12,29.929,30.497,29.944
urum,2019-09-03,12,23.979,19.628,19.265
urum,2019-09-04,12,23.180,22.170,21.751
urum,2019-09-05,12,27.910,24.624,24.148
urum,2019-09-06,12,17.054,19.681,19.292
urum,2019-09-07,12,21.919,20.361,19.950
urum,2019-09-08,12,18.906,16.069,15.738
urum,2019-09-09,12,17.622,18.387,18.000
urum,2019-09-10,12,21.073,24.017,23.501
urum,2019-09-11,12,13.122,14.992,14.662
urum,2019-09-12,12,12.578,13.800,13.490
urum,2019-09-13,12,12.440,13.419,13.111
urum,2019-09-14,12,8.939,9.137,8.923
urum,2019-09-15,12,10.175,10.185,9.941
urum,2019-09-16,12,16.600,16.783,16.373
urum,2019-09-17,12,20.210,19.615,19.125
urum,2019-09-18,12,12.500,13.805,13.453
urum,2019-09-20,12,11.977,12.037,11.717
urum,2019-09-21,12,12.495,11.547,11.234
urum,2019-09-23,12,9.768,8.721,8.475
urum,2019-09-24,12,13.336,12.359,12.002
urum,2019-09-25,12,18.158,17.493,16.979
urum,2019-09-28,12,20.030,22.215,21.522
urum,2019-09-29,12,16.894,13.326,12.902
urum,2019-09-30,12,21.156,19.980,19.333
urum,2019-10-02,12,12.740,11.635,11.481
urum,2019-10-03,12,11.757,13.361,13.175
urum,2019-10-04,12,11.736,12.138,11.962
urum,2019-10-05,12,9.499,13.217,13.016
urum,2019-10-06,12,10.782,10.584,10.417
urum,2019-10-07,12,10.816,9.628,9.469
urum,2019-10-08,12,12.749,10.216,10.041
urum,2019-10-09,12,14.802,12.104,11.888
urum,2019-10-10,12,13.151,11.348,11.137
urum,2019-10-13,12,14.971,14.214,13.921
urum,2019-10-14,12,10.664,8.792,8.605
urum,2019-10-15,12,13.164,13.946,13.639
urum,2019-10-16,12,12.615,11.165,10.911
urum,2019-10-17,12,9.702,6.299,6.152
urum,2019-10-18,12,6.251,7.083,6.912
urum,2019-10-20,12,8.123,3.878,3.779
urum,2019-10-22,12,5.232,4.574,4.451
urum,2019-10-23,12,3.643,3.164,3.076
urum,2019-10-24,12,3.716,2.923,2.840
urum,2019-10-25,12,5.230,4.509,4.377
urum,2019-10-26,12,4.837,2.110,2.047
urum,2019-10-27,12,6.622,3.597,3.486
urum,2019-10-29,12,8.483,6.430,6.223
urum,2019-10-30,12,5.949,0.427,0.413
urum,2019-10-31,12,9.462,4.809,4.648
urum,2019-11-01,12,9.647,5.205,5.192
urum,2019-11-02,12,8.574,5.794,5.775
urum,2019-11-03,12,11.351,9.411,9.374
urum,2019-11-04,12,10.634,5.743,5.716
urum,2019-11-05,12,13.062,8.397,8.351
urum,2019-11-06,12,11.102,8.043,7.994
urum,2019-11-07,12,11.861,9.067,9.004
urum,2019-11-08,12,4.932,2.942,2.919
urum,2019-11-09,12,8.805,4.961,4.920
urum,2019-11-10,12,9.245,3.160,3.131
urum,2019-11-11,12,9.623,5.842,5.785
urum,2019-11-13,12,4.692,0.370,0.366
urum,2019-11-20,12,4.289,-0.588,-0.578
urum,2019-11-21,12,7.377,4.928,4.846
urum,2019-11-22,12,4.155,4.001,3.931
urum,2019-11-23,12,3.024,4.087,4.013
urum,2019-11-24,12,4.906,4.545,4.460
urum,2019-11-25,12,6.111,5.528,5.421
urum,2019-11-26,12,5.641,4.683,4.590
urum,2019-11-27,12,4.761,4.679,4.583
urum,2019-11-28,12,3.966,3.886,3.804
urum,2019-11-29,12,2.861,4.969,4.861
urum,2019-11-30,12,2.722,3.576,3.496
urum,2019-12-01,12,2.825,1.833,1.795
urum,2019-12-02,12,2.517,1.521,1.489
urum,2019-12-03,12,4.922,4.784,4.680
urum,2019-12-04,12,7.387,1.895,1.853
urum,2019-12-05,12,4.448,3.123,3.052
urum,2019-12-06,12,4.895,4.209,4.112
urum,2019-12-08,12,5.473,3.581,3.494
urum,2019-12-10,12,2.383,-0.654,-0.638
bjfs,2019-01-01,0,3.396,7.291,7.201
bjfs,2019-01-02,0,4.627,8.024,7.923
bjfs,2019-01-03,0,4.195,6.553,6.469
bjfs,2019-01-04,0,3.124,5.709,5.636
bjfs,2019-01-05,0,2.203,5.753,5.677
bjfs,2019-01-06,0,3.789,6.097,6.016
bjfs,2019-01-07,0,3.663,5.370,5.298
bjfs,2019-01-08,0,2.122,4.717,4.653
bjfs,2019-01-09,0,3.742,5.577,5.501
bjfs,2019-01-10,0,5.075,3.727,3.676
bjfs,2019-01-11,0,5.164,3.946,3.892
bjfs,2019-01-13,0,2.887,2.420,2.387
bjfs,2019-01-14,0,3.425,3.107,3.064
bjfs,2019-01-15,0,1.447,5.540,5.463
bjfs,2019-01-16,0,1.693,1.818,1.793
bjfs,2019-01-17,0,2.943,1.234,1.217
bjfs,2019-01-18,0,3.789,3.059,3.016
bjfs,2019-01-19,0,4.890,5.132,5.062
bjfs,2019-01-20,0,1.661,3.391,3.345
bjfs,2019-01-22,0,2.640,-0.305,-0.300
bjfs,2019-01-24,0,4.769,4.423,4.365
bjfs,2019-01-25,0,2.661,5.617,5.544
bjfs,2019-01-26,0,2.535,5.634,5.561
bjfs,2019-01-27,0,6.973,4.609,4.550
bjfs,2019-01-28,0,2.237,2.725,2.691
bjfs,2019-01-29,0,4.528,4.928,4.867
bjfs,2019-01-30,0,4.010,6.732,6.651
bjfs,2019-01-31,0,1.369,4.664,4.609
bjfs,2019-02-01,0,1.808,0.147,0.145
bjfs,2019-02-02,0,6.160,2.919,2.875
bjfs,2019-02-03,0,4.507,2.556,2.519
bjfs,2019-02-04,0,3.962,3.575,3.524
bjfs,2019-02-05,0,4.933,1.934,1.907
bjfs,2019-02-06,0,5.172,3.948,3.894
bjfs,2019-02-07,0,0.989,4.351,4.293
bjfs,2019-02-08,0,3.564,6.900,6.811
bjfs,2019-02-09,0,1.493,5.728,5.656
bjfs,2019-02-10,0,3.840,7.265,7.176
bjfs,2019-02-11,0,3.572,5.754,5.686
bjfs,2019-02-12,0,6.234,10.295,10.178
bjfs,2019-02-13,0,4.214,10.036,9.926
bjfs,2019-02-14,0,8.473,12.748,12.614
bjfs,2019-02-15,0,2.411,6.465,6.400
bjfs,2019-02-16,0,1.523,5.714,5.659
bjfs,2019-02-17,0,2.744,5.540,5.490
bjfs,2019-02-18,0,6.667,8.225,8.154
bjfs,2019-02-19,0,9.086,8.074,8.008
bjfs,2019-02-20,0,3.468,5.127,5.088
bjfs,2019-02-21,0,2.475,5.380,5.342
bjfs,2019-02-23,0,5.066,7.365,7.321
bjfs,2019-02-24,0,11.353,6.720,6.684
bjfs,2019-02-25,0,7.002,9.622,9.576
bjfs,2019-02-26,0,9.115,12.736,12.682
bjfs,2019-02-27,0,6.514,7.513,7.485
bjfs,2019-02-28,0,5.056,6.106,6.088
bjfs,2019-03-02,0,6.073,5.515,5.339
bjfs,2019-03-03,0,7.058,6.137,5.944
bjfs,2019-03-04,0,5.778,5.807,5.628
bjfs,2019-03-05,0,7.644,4.942,4.793
bjfs,2019-03-06,0,4.899,5.965,5.789
bjfs,2019-03-07,0,2.996,5.256,5.104
bjfs,2019-03-08,0,4.112,4.073,3.958
bjfs,2019-03-09,0,9.680,10.109,9.830
bjfs,2019-03-10,0,10.454,10.558,10.275
bjfs,2019-03-11,0,5.124,2.938,2.861
bjfs,2019-03-13,0,4.711,6.005,5.856
bjfs,2019-03-14,0,4.912,6.806,6.642
bjfs,2019-03-15,0,4.194,7.101,6.934
bjfs,2019-03-16,0,7.115,8.079,7.895
bjfs,2019-03-17,0,6.759,7.820,7.647
bjfs,2019-03-18,0,9.752,4.922,4.817
bjfs,2019-03-19,0,6.844,2.885,2.825
bjfs,2019-03-20,0,18.847,13.925,13.647
bjfs,2019-03-21,0,3.266,2.796,2.742
bjfs,2019-03-22,0,4.034,7.065,6.934
bjfs,2019-03-23,0,2.912,6.437,6.322
bjfs,2019-03-24,0,4.455,3.338,3.281
bjfs,2019-03-25,0,3.872,1.863,1.832
bjfs,2019-03-26,0,5.813,4.294,4.227
bjfs,2019-03-27,0,4.902,5.185,5.107
bjfs,2019-03-29,0,8.446,9.325,9.199
bjfs,2019-03-30,0,3.924,7.267,7.175
bjfs,2019-03-31,0,3.517,7.951,7.855
bjfs,2019-04-01,0,3.980,8.904,8.639
bjfs,2019-04-02,0,6.844,9.214,8.946
bjfs,2019-04-03,0,5.778,10.223,9.934
bjfs,2019-04-04,0,5.854,4.634,4.506
bjfs,2019-04-06,0,8.487,8.477,8.256
bjfs,2019-04-07,0,7.508,9.958,9.705
bjfs,2019-04-08,0,9.969,13.139,12.815
bjfs,2019-04-09,0,18.405,22.167,21.637
bjfs,2019-04-10,0,8.503,10.707,10.459
bjfs,2019-04-11,0,12.740,13.812,13.503
bjfs,2019-04-12,0,8.779,10.753,10.520
bjfs,2019-04-13,0,12.448,13.674,13.387
bjfs,2019-04-14,0,5.148,7.624,7.470
bjfs,2019-04-15,0,5.947,4.966,4.870
bjfs,2019-04-16,0,11.547,10.168,9.977
bjfs,2019-04-17,0,19.391,12.544,12.318
bjfs,2019-04-18,0,10.449,13.085,12.858
bjfs,2019-04-19,0,15.558,22.400,22.029
bjfs,2019-04-20,0,29.969,31.511,31.011
bjfs,2019-04-23,0,22.679,21.182,20.892
bjfs,2019-04-24,0,30.392,31.772,31.359
bjfs,2019-04-25,0,13.182,14.824,14.642
bjfs,2019-04-26,0,13.519,19.234,19.011
bjfs,2019-04-27,0,15.341,25.152,24.879
bjfs,2019-04-28,0,16.890,21.355,21.138
bjfs,2019-04-29,0,25.021,23.209,22.989
bjfs,2019-04-30,0,9.888,7.959,7.889
bjfs,2019-05-01,0,6.027,6.932,6.731
bjfs,2019-05-02,0,7.166,7.881,7.657
bjfs,2019-05-03,0,9.491,11.450,11.134
bjfs,2019-05-04,0,15.644,20.792,20.231
bjfs,2019-05-05,0,10.599,13.954,13.587
bjfs,2019-05-06,0,4.458,10.856,10.578
bjfs,2019-05-07,0,5.658,7.803,7.608
bjfs,2019-05-08,0,12.694,13.065,12.747
bjfs,2019-05-09,0,8.438,7.771,7.587
bjfs,2019-05-10,0,13.818,13.098,12.796
bjfs,2019-05-11,0,19.770,25.785,25.207
bjfs,2019-05-12,0,28.001,29.646,29.000
bjfs,2019-05-13,0,4.730,8.590,8.408
bjfs,2019-05-14,0,6.546,8.473,8.299
bjfs,2019-05-15,0,23.139,23.307,22.842
bjfs,2019-05-16,0,14.137,15.240,14.946
bjfs,2019-05-17,0,24.904,24.839,24.374
bjfs,2019-05-18,0,31.518,34.112,33.494
bjfs,2019-05-19,0,29.112,21.468,21.091
bjfs,2019-05-20,0,6.943,9.379,9.220
bjfs,2019-05-21,0,8.432,8.713,8.571
bjfs,2019-05-23,0,9.407,11.980,11.798
bjfs,2019-05-24,0,14.544,16.422,16.182
bjfs,2019-05-25,0,24.501,26.436,26.064
bjfs,2019-05-26,0,49.538,41.592,41.029
bjfs,2019-05-27,0,11.380,13.165,12.994
bjfs,2019-05-28,0,9.734,12.117,11.966
bjfs,2019-05-29,0,10.961,13.968,13.802
bjfs,2019-05-30,0,17.445,22.750,22.491
bjfs,2019-05-31,0,7.958,10.348,10.235
bjfs,2019-06-01,0,17.882,22.760,22.237
bjfs,2019-06-02,0,25.866,22.531,22.025
bjfs,2019-06-03,0,15.815,15.085,14.753
bjfs,2019-06-05,0,20.346,24.516,24.001
bjfs,2019-06-06,0,41.991,42.716,41.839
bjfs,2019-06-07,0,35.934,29.281,28.693
bjfs,2019-06-08,0,14.806,12.984,12.730
bjfs,2019-06-09,0,18.316,17.104,16.776
bjfs,2019-06-10,0,20.134,21.934,21.523
bjfs,2019-06-11,0,25.878,25.866,25.393
bjfs,2019-06-12,0,32.305,35.219,34.590
bjfs,2019-06-13,0,41.702,41.178,40.460
bjfs,2019-06-14,0,23.775,21.501,21.135
bjfs,2019-06-15,0,24.041,26.845,26.399
bjfs,2019-06-16,0,41.631,44.355,43.637
bjfs,2019-06-17,0,32.511,33.843,33.308
bjfs,2019-06-18,0,35.179,35.260,34.716
bjfs,2019-06-19,0,43.225,42.927,42.280
bjfs,2019-06-20,0,47.075,44.496,43.843
bjfs,2019-06-21,0,38.284,37.571,37.032
bjfs,2019-06-22,0,24.957,34.918,34.430
bjfs,2019-06-24,0,25.381,24.414,24.089
bjfs,2019-06-25,0,27.970,31.123,30.719
bjfs,2019-06-26,0,31.653,36.150,35.692
bjfs,2019-06-27,0,40.297,41.761,41.245
bjfs,2019-06-28,0,42.382,43.402,42.878
bjfs,2019-06-29,0,31.881,28.386,28.051
bjfs,2019-06-30,0,23.196,16.502,16.311
bjfs,2019-07-01,0,23.439,26.286,25.858
bjfs,2019-07-02,0,34.853,34.645,34.091
bjfs,2019-07-03,0,28.774,28.959,28.502
bjfs,2019-07-04,0,25.048,26.403,25.993
bjfs,2019-07-05,0,38.264,43.303,42.640
bjfs,2019-07-06,0,35.715,35.495,34.959
bjfs,2019-07-07,0,41.778,40.059,39.463
bjfs,2019-07-08,0,31.881,40.853,40.253
bjfs,2019-07-09,0,37.854,39.614,39.040
bjfs,2019-07-10,0,43.368,45.218,44.572
bjfs,2019-07-11,0,34.279,39.290,38.735
bjfs,2019-07-12,0,36.546,38.589,38.050
bjfs,2019-07-13,0,38.914,38.088,37.562
bjfs,2019-07-14,0,37.884,39.457,38.917
bjfs,2019-07-15,0,43.109,42.196,41.623
bjfs,2019-07-16,0,44.028,44.302,43.706
bjfs,2019-07-17,0,49.326,51.494,50.807
bjfs,2019-07-18,0,54.105,51.997,51.308
bjfs,2019-07-19,0,50.190,53.358,52.656
bjfs,2019-07-20,0,66.667,62.216,61.402
bjfs,2019-07-22,0,42.424,40.751,40.222
bjfs,2019-07-23,0,42.636,35.604,35.144
bjfs,2019-07-24,0,42.659,39.052,38.548
bjfs,2019-07-25,0,35.726,32.442,32.024
bjfs,2019-07-26,0,34.179,35.133,34.681
bjfs,2019-07-27,0,39.687,41.723,41.186
bjfs,2019-07-28,0,59.761,57.168,56.431
bjfs,2019-07-29,0,53.243,60.366,59.586
bjfs,2019-07-30,0,31.453,27.655,27.297
bjfs,2019-07-31,0,25.000,32.623,32.198
bjfs,2019-08-01,0,40.914,39.588,39.305
bjfs,2019-08-02,0,37.984,55.656,55.255
bjfs,2019-08-03,0,47.780,44.469,44.144
bjfs,2019-08-04,0,51.589,55.464,55.053
bjfs,2019-08-05,0,51.435,47.610,47.252
bjfs,2019-08-06,0,55.016,50.497,50.112
bjfs,2019-08-08,0,45.976,47.658,47.281
bjfs,2019-08-09,0,51.821,53.534,53.102
bjfs,2019-08-10,0,49.816,48.082,47.686
bjfs,2019-08-11,0,55.467,48.958,48.546
bjfs,2019-08-12,0,53.710,46.828,46.424
bjfs,2019-08-13,0,44.336,42.816,42.438
bjfs,2019-08-14,0,30.655,34.462,34.151
bjfs,2019-08-15,0,27.428,32.058,31.761
bjfs,2019-08-16,0,24.045,24.601,24.367
bjfs,2019-08-17,0,23.036,16.953,16.787
bjfs,2019-08-18,0,17.283,19.466,19.270
bjfs,2019-08-19,0,35.604,33.755,33.407
bjfs,2019-08-20,0,56.272,59.027,58.401
bjfs,2019-08-21,0,20.813,16.021,15.846
bjfs,2019-08-22,0,24.139,25.687,25.399
bjfs,2019-08-24,0,27.156,31.510,31.135
bjfs,2019-08-25,0,28.182,29.657,29.293
bjfs,2019-08-26,0,40.803,38.563,38.077
bjfs,2019-08-27,0,23.035,17.304,17.079
bjfs,2019-08-28,0,17.714,17.336,17.104
bjfs,2019-08-29,0,19.246,21.012,20.722
bjfs,2019-08-30,0,16.084,19.442,19.166
bjfs,2019-08-31,0,18.348,22.233,21.907
bjfs,2019-09-01,0,22.049,25.368,25.136
bjfs,2019-09-02,0,22.030,25.771,25.523
bjfs,2019-09-03,0,24.839,28.950,28.659
bjfs,2019-09-04,0,27.040,27.114,26.829
bjfs,2019-09-05,0,23.957,29.041,28.721
bjfs,2019-09-06,0,25.233,25.769,25.472
bjfs,2019-09-07,0,22.940,21.732,21.470
bjfs,2019-09-08,0,29.349,30.833,30.446
bjfs,2019-09-09,0,34.945,39.470,38.954
bjfs,2019-09-10,0,43.426,48.118,47.463
bjfs,2019-09-11,0,33.105,44.136,43.510
bjfs,2019-09-12,0,28.856,34.175,33.672
bjfs,2019-09-13,0,49.862,44.126,43.451
bjfs,2019-09-14,0,16.674,21.019,20.685
bjfs,2019-09-15,0,19.412,28.365,27.897
bjfs,2019-09-16,0,16.963,22.537,22.152
bjfs,2019-09-17,0,25.593,28.829,28.319
bjfs,2019-09-18,0,8.507,15.866,15.575
bjfs,2019-09-19,0,14.990,24.142,23.685
bjfs,2019-09-20,0,24.185,28.222,27.669
bjfs,2019-09-21,0,24.827,25.301,24.788
bjfs,2019-09-23,0,16.076,17.989,17.600
bjfs,2019-09-24,0,14.705,15.889,15.534
bjfs,2019-09-25,0,17.403,22.659,22.139
bjfs,2019-09-27,0,19.261,20.391,19.894
bjfs,2019-09-28,0,23.411,23.056,22.477
bjfs,2019-09-29,0,23.816,23.817,23.202
bjfs,2019-09-30,0,23.859,26.306,25.607
bjfs,2019-10-01,0,24.026,26.268,26.216
bjfs,2019-10-02,0,26.459,25.691,25.621
bjfs,2019-10-03,0,24.443,22.479,22.401
bjfs,2019-10-04,0,34.518,37.016,36.857
bjfs,2019-10-05,0,5.629,11.129,11.072
bjfs,2019-10-06,0,14.256,20.459,20.339
bjfs,2019-10-07,0,10.598,10.566,10.495
bjfs,2019-10-08,0,7.358,9.674,9.602
bjfs,2019-10-09,0,14.252,16.750,16.612
bjfs,2019-10-10,0,24.350,24.028,23.810
bjfs,2019-10-11,0,19.810,23.052,22.824
bjfs,2019-10-12,0,18.176,24.491,24.229
bjfs,2019-10-13,0,22.869,27.390,27.074
bjfs,2019-10-14,0,4.923,10.803,10.669
bjfs,2019-10-15,0,6.972,13.903,13.719
bjfs,2019-10-16,0,13.764,19.311,19.039
bjfs,2019-10-17,0,19.395,26.135,25.746
bjfs,2019-10-18,0,16.625,17.957,17.674
bjfs,2019-10-20,0,11.724,10.058,9.883
bjfs,2019-10-22,0,16.277,15.259,14.967
bjfs,2019-10-23,0,17.191,17.422,17.074
bjfs,2019-10-25,0,6.369,10.014,9.797
bjfs,2019-10-26,0,7.785,9.575,9.358
bjfs,2019-10-27,0,8.636,5.841,5.704
bjfs,2019-10-28,0,6.496,2.308,2.252
bjfs,2019-10-29,0,6.360,5.800,5.654
bjfs,2019-10-30,0,7.696,5.626,5.480
bjfs,2019-10-31,0,7.834,5.975,5.814
bjfs,2019-11-01,0,9.673,12.786,12.703
bjfs,2019-11-02,0,21.103,21.705,21.544
bjfs,2019-11-03,0,20.809,22.050,21.867
bjfs,2019-11-04,0,15.829,16.547,16.395
bjfs,2019-11-05,0,11.914,11.917,11.798
bjfs,2019-11-06,0,15.255,15.702,15.531
bjfs,2019-11-07,0,5.176,9.455,9.345
bjfs,2019-11-08,0,6.788,7.603,7.507
bjfs,2019-11-09,0,9.906,9.471,9.344
bjfs,2019-11-10,0,14.642,4.408,4.345
bjfs,2019-11-11,0,8.044,5.773,5.686
bjfs,2019-11-12,0,12.752,9.852,9.695
bjfs,2019-11-13,0,5.792,4.212,4.142
bjfs,2019-11-14,0,8.050,5.493,5.397
bjfs,2019-11-15,0,6.383,4.358,4.278
bjfs,2019-11-16,0,9.385,7.598,7.452
bjfs,2019-11-17,0,13.988,11.199,10.975
bjfs,2019-11-18,0,2.044,4.271,4.182
bjfs,2019-11-20,0,5.354,7.708,7.535
bjfs,2019-11-21,0,14.151,15.339,14.984
bjfs,2019-11-22,0,11.199,9.185,8.966
bjfs,2019-11-23,0,18.414,16.170,15.771
bjfs,2019-11-24,0,5.293,6.882,6.707
bjfs,2019-11-25,0,2.547,7.632,7.432
bjfs,2019-11-26,0,3.551,6.897,6.712
bjfs,2019-11-27,0,4.775,10.830,10.531
bjfs,2019-11-28,0,5.033,10.639,10.338
bjfs,2019-11-29,0,7.457,12.656,12.289
bjfs,2019-11-30,0,8.347,11.176,10.844
bjfs,2019-12-01,0,2.977,5.818,5.766
bjfs,2019-12-02,0,2.938,4.488,4.446
bjfs,2019-12-03,0,4.801,4.410,4.365
bjfs,2019-12-04,0,4.344,6.267,6.200
bjfs,2019-12-05,0,3.873,11.747,11.613
bjfs,2019-12-06,0,4.878,8.990,8.882
bjfs,2019-12-07,0,4.021,6.648,6.564
bjfs,2019-12-08,0,5.199,6.502,6.416
bjfs,2019-12-09,0,8.156,5.349,5.275
bjfs,2019-12-10,0,8.037,4.487,4.422
bjfs,2019-01-01,12,3.274,7.358,7.267
bjfs,2019-01-02,12,4.995,8.763,8.652
bjfs,2019-01-03,12,4.747,7.298,7.204
bjfs,2019-01-04,12,2.577,5.221,5.153
bjfs,2019-01-05,12,3.997,6.653,6.565
bjfs,2019-01-06,12,3.819,4.824,4.760
bjfs,2019-01-07,12,3.275,5.119,5.050
bjfs,2019-01-08,12,2.419,5.329,5.257
bjfs,2019-01-09,12,4.988,4.987,4.919
bjfs,2019-01-10,12,4.140,3.899,3.845
bjfs,2019-01-11,12,4.606,2.432,2.398
bjfs,2019-01-13,12,3.353,2.569,2.534
bjfs,2019-01-14,12,3.758,2.914,2.873
bjfs,2019-01-15,12,1.313,4.048,3.992
bjfs,2019-01-16,12,2.408,0.972,0.958
bjfs,2019-01-17,12,2.909,0.988,0.974
bjfs,2019-01-18,12,5.122,3.364,3.318
bjfs,2019-01-19,12,4.021,4.345,4.285
bjfs,2019-01-20,12,2.877,2.865,2.826
bjfs,2019-01-21,12,2.979,-0.364,-0.359
bjfs,2019-01-23,12,2.939,1.876,1.851
bjfs,2019-01-24,12,4.492,4.172,4.117
bjfs,2019-01-25,12,2.327,5.516,5.445
bjfs,2019-01-26,12,4.347,6.074,5.996
bjfs,2019-01-27,12,2.152,1.021,1.009
bjfs,2019-01-28,12,3.481,2.657,2.624
bjfs,2019-01-29,12,2.977,2.379,2.350
bjfs,2019-01-30,12,3.333,5.632,5.565
bjfs,2019-01-31,12,1.514,1.760,1.739
bjfs,2019-02-01,12,2.014,-2.009,-1.979
bjfs,2019-02-02,12,7.632,3.240,3.192
bjfs,2019-02-03,12,2.321,1.974,1.945
bjfs,2019-02-04,12,5.121,1.869,1.843
bjfs,2019-02-05,12,5.189,2.446,2.411
bjfs,2019-02-06,12,5.359,5.420,5.346
bjfs,2019-02-07,12,2.553,6.803,6.714
bjfs,2019-02-08,12,2.330,4.316,4.261
bjfs,2019-02-09,12,3.409,7.336,7.245
bjfs,2019-02-10,12,3.123,4.952,4.892
bjfs,2019-02-11,12,3.735,7.705,7.616
bjfs,2019-02-12,12,5.062,9.629,9.521
bjfs,2019-02-13,12,2.800,10.097,9.989
bjfs,2019-02-14,12,6.355,7.855,7.774
bjfs,2019-02-15,12,2.405,4.819,4.772
bjfs,2019-02-16,12,2.146,4.875,4.829
bjfs,2019-02-17,12,3.901,4.982,4.938
bjfs,2019-02-18,12,8.390,8.485,8.414
bjfs,2019-02-19,12,3.409,3.488,3.460
bjfs,2019-02-20,12,4.056,6.454,6.407
bjfs,2019-02-21,12,4.448,5.145,5.110
bjfs,2019-02-22,12,5.642,7.678,7.630
bjfs,2019-02-23,12,5.293,5.468,5.437
bjfs,2019-02-24,12,6.609,6.550,6.516
bjfs,2019-02-25,12,7.463,8.610,8.571
bjfs,2019-02-26,12,8.045,8.477,8.443
bjfs,2019-02-27,12,4.782,4.979,4.962
bjfs,2019-02-28,12,6.849,6.401,6.383
bjfs,2019-03-01,12,7.554,7.724,7.475
bjfs,2019-03-02,12,5.623,4.659,4.512
bjfs,2019-03-03,12,9.102,5.061,4.904
bjfs,2019-03-04,12,8.161,6.872,6.663
bjfs,2019-03-05,12,4.474,3.081,2.990
bjfs,2019-03-06,12,3.416,5.181,5.030
bjfs,2019-03-07,12,3.633,3.676,3.571
bjfs,2019-03-08,12,5.540,5.211,5.066
bjfs,2019-03-09,12,11.948,8.744,8.506
bjfs,2019-03-10,12,13.052,9.497,9.244
bjfs,2019-03-11,12,4.479,3.433,3.344
bjfs,2019-03-12,12,3.276,2.271,2.214
bjfs,2019-03-13,12,6.216,6.247,6.094
bjfs,2019-03-14,12,5.192,6.540,6.384
bjfs,2019-03-15,12,7.026,7.484,7.311
bjfs,2019-03-16,12,6.758,6.677,6.527
bjfs,2019-03-17,12,7.361,7.529,7.365
bjfs,2019-03-18,12,7.386,3.800,3.720
bjfs,2019-03-19,12,11.865,10.919,10.697
bjfs,2019-03-20,12,20.370,11.243,11.022
bjfs,2019-03-21,12,4.120,6.729,6.602
bjfs,2019-03-22,12,6.012,8.506,8.352
bjfs,2019-03-23,12,3.518,5.277,5.184
bjfs,2019-03-24,12,5.238,1.677,1.649
bjfs,2019-03-25,12,5.228,2.513,2.472
bjfs,2019-03-26,12,7.444,7.370,7.258
bjfs,2019-03-27,12,9.333,11.053,10.892
bjfs,2019-03-29,12,3.926,4.756,4.693
bjfs,2019-03-30,12,4.123,7.424,7.332
bjfs,2019-03-31,12,6.676,9.228,9.121
bjfs,2019-04-01,12,6.492,9.842,9.553
bjfs,2019-04-02,12,5.216,8.862,8.609
bjfs,2019-04-04,12,7.929,3.336,3.246
bjfs,2019-04-05,12,9.241,9.718,9.461
bjfs,2019-04-06,12,7.912,7.239,7.053
bjfs,2019-04-07,12,7.970,11.167,10.888
bjfs,2019-04-08,12,11.532,15.706,15.325
bjfs,2019-04-09,12,13.161,14.530,14.188
bjfs,2019-04-10,12,7.308,11.460,11.199
bjfs,2019-04-11,12,8.766,11.187,10.940
bjfs,2019-04-12,12,13.229,14.576,14.266
bjfs,2019-04-13,12,7.204,5.085,4.980
bjfs,2019-04-14,12,6.472,7.160,7.018
bjfs,2019-04-15,12,8.617,8.545,8.382
bjfs,2019-04-16,12,13.342,15.777,15.487
bjfs,2019-04-17,12,18.306,13.646,13.405
bjfs,2019-04-18,12,14.882,18.020,17.715
bjfs,2019-04-20,12,17.510,18.110,17.829
bjfs,2019-04-23,12,27.863,23.117,22.808
bjfs,2019-04-24,12,26.241,27.905,27.553
bjfs,2019-04-25,12,11.464,17.723,17.512
bjfs,2019-04-26,12,11.216,15.146,14.976
bjfs,2019-04-27,12,15.360,20.858,20.639
bjfs,2019-04-28,12,19.661,24.794,24.551
bjfs,2019-04-29,12,16.744,17.208,17.051
bjfs,2019-04-30,12,7.381,6.367,6.314
bjfs,2019-05-01,12,6.242,6.429,6.245
bjfs,2019-05-02,12,7.901,9.294,9.034
bjfs,2019-05-03,12,16.218,18.533,18.027
bjfs,2019-05-04,12,20.421,22.954,22.342
bjfs,2019-05-05,12,6.541,12.529,12.203
bjfs,2019-05-06,12,6.622,10.378,10.115
bjfs,2019-05-08,12,14.299,11.822,11.538
bjfs,2019-05-09,12,9.614,10.169,9.931
bjfs,2019-05-10,12,13.277,19.409,18.968
bjfs,2019-05-11,12,19.785,24.656,24.111
bjfs,2019-05-12,12,9.121,10.503,10.278
bjfs,2019-05-13,12,7.084,9.036,8.848
bjfs,2019-05-14,12,12.169,13.886,13.604
bjfs,2019-05-15,12,23.088,21.896,21.466
bjfs,2019-05-16,12,20.426,15.828,15.527
bjfs,2019-05-18,12,31.974,31.646,31.082
bjfs,2019-05-19,12,9.186,9.045,8.889
bjfs,2019-05-20,12,8.965,9.083,8.932
bjfs,2019-05-21,12,12.917,10.086,9.924
bjfs,2019-05-22,12,14.827,14.204,13.984
bjfs,2019-05-23,12,15.097,14.602,14.384
bjfs,2019-05-24,12,14.948,17.937,17.680
bjfs,2019-05-25,12,32.789,28.102,27.714
bjfs,2019-05-26,12,25.787,20.302,20.033
bjfs,2019-05-27,12,10.433,13.712,13.538
bjfs,2019-05-28,12,13.274,13.472,13.308
bjfs,2019-05-29,12,16.322,21.612,21.360
bjfs,2019-05-30,12,6.881,5.946,5.880
bjfs,2019-05-31,12,9.682,12.760,12.625
bjfs,2019-06-01,12,23.159,27.829,27.196
bjfs,2019-06-02,12,28.779,25.929,25.353
bjfs,2019-06-03,12,21.895,19.199,18.782
bjfs,2019-06-05,12,26.499,33.348,32.655
bjfs,2019-06-06,12,36.391,33.053,32.382
bjfs,2019-06-07,12,29.225,37.317,36.577
bjfs,2019-06-08,12,17.673,16.084,15.773
bjfs,2019-06-09,12,20.920,24.924,24.452
bjfs,2019-06-10,12,23.590,26.857,26.360
bjfs,2019-06-11,12,30.490,28.737,28.218
bjfs,2019-06-12,12,37.410,39.911,39.207
bjfs,2019-06-13,12,28.259,28.452,27.962
bjfs,2019-06-14,12,15.804,21.316,20.958
bjfs,2019-06-15,12,26.317,33.616,33.065
bjfs,2019-06-16,12,32.301,37.985,37.377
bjfs,2019-06-17,12,34.225,35.335,34.783
bjfs,2019-06-18,12,39.126,38.370,37.786
bjfs,2019-06-19,12,38.399,40.696,40.091
bjfs,2019-06-20,12,32.169,33.358,32.874
bjfs,2019-06-21,12,41.626,40.563,39.989
bjfs,2019-06-23,12,30.180,31.937,31.507
bjfs,2019-06-25,12,39.623,34.348,33.907
bjfs,2019-06-26,12,40.524,39.693,39.196
bjfs,2019-06-27,12,37.318,37.092,36.639
bjfs,2019-06-28,12,31.126,30.005,29.647
bjfs,2019-06-29,12,24.132,20.369,20.132
bjfs,2019-06-30,12,20.474,19.582,19.360
bjfs,2019-07-01,12,26.361,31.583,31.073
bjfs,2019-07-02,12,38.696,35.103,34.545
bjfs,2019-07-03,12,27.493,27.910,27.473
bjfs,2019-07-04,12,40.683,47.528,46.795
bjfs,2019-07-05,12,43.369,36.800,36.241
bjfs,2019-07-06,12,42.612,41.494,40.872
bjfs,2019-07-07,12,40.031,39.566,38.981
bjfs,2019-07-09,12,42.002,41.235,40.641
bjfs,2019-07-10,12,37.143,38.657,38.107
bjfs,2019-07-11,12,35.603,39.026,38.478
bjfs,2019-07-12,12,34.642,36.359,35.853
bjfs,2019-07-13,12,38.101,39.676,39.130
bjfs,2019-07-14,12,33.252,38.639,38.112
bjfs,2019-07-15,12,37.255,38.979,38.453
bjfs,2019-07-16,12,42.834,49.863,49.195
bjfs,2019-07-17,12,52.117,54.753,54.026
bjfs,2019-07-18,12,51.990,49.818,49.160
bjfs,2019-07-19,12,60.268,61.275,60.471
bjfs,2019-07-21,12,34.707,35.700,35.236
bjfs,2019-07-22,12,67.688,68.737,67.847
bjfs,2019-07-23,12,41.857,41.335,40.801
bjfs,2019-07-24,12,46.040,42.502,41.954
bjfs,2019-07-25,12,51.203,45.641,45.053
bjfs,2019-07-27,12,51.578,56.349,55.623
bjfs,2019-07-29,12,57.226,37.422,36.938
bjfs,2019-07-30,12,47.906,40.392,39.867
bjfs,2019-07-31,12,37.944,38.582,38.079
bjfs,2019-08-01,12,35.535,41.116,40.821
bjfs,2019-08-02,12,45.606,42.026,41.721
bjfs,2019-08-03,12,46.778,51.359,50.981
bjfs,2019-08-05,12,51.593,48.246,47.881
bjfs,2019-08-06,12,50.930,48.647,48.272
bjfs,2019-08-07,12,42.428,48.380,48.001
bjfs,2019-08-08,12,48.886,51.082,50.674
bjfs,2019-08-09,12,57.454,51.039,50.623
bjfs,2019-08-10,12,46.107,43.307,42.947
bjfs,2019-08-11,12,58.696,51.231,50.794
bjfs,2019-08-12,12,53.826,47.833,47.416
bjfs,2019-08-13,12,45.252,50.677,50.224
bjfs,2019-08-14,12,22.866,27.174,26.925
bjfs,2019-08-15,12,24.109,26.081,25.836
bjfs,2019-08-16,12,22.023,14.838,14.695
bjfs,2019-08-17,12,20.208,19.123,18.934
bjfs,2019-08-18,12,30.508,31.608,31.286
bjfs,2019-08-19,12,38.012,42.890,42.441
bjfs,2019-08-20,12,43.483,40.800,40.360
bjfs,2019-08-22,12,22.874,23.276,23.011
bjfs,2019-08-23,12,30.644,34.671,34.265
bjfs,2019-08-24,12,21.434,30.266,29.900
bjfs,2019-08-25,12,21.551,26.131,25.805
bjfs,2019-08-26,12,39.850,36.786,36.315
bjfs,2019-08-27,12,20.430,18.746,18.499
bjfs,2019-08-28,12,17.271,15.947,15.731
bjfs,2019-08-29,12,22.291,24.876,24.528
bjfs,2019-08-30,12,19.706,20.458,20.163
bjfs,2019-08-31,12,25.377,32.058,31.583
bjfs,2019-09-01,12,24.627,27.232,26.977
bjfs,2019-09-02,12,23.254,27.185,26.918
bjfs,2019-09-03,12,25.296,25.358,25.097
bjfs,2019-09-04,12,24.340,30.794,30.462
bjfs,2019-09-05,12,23.505,22.190,21.940
bjfs,2019-09-06,12,23.994,22.714,22.447
bjfs,2019-09-07,12,26.202,23.166,22.881
bjfs,2019-09-08,12,28.354,28.842,28.473
bjfs,2019-09-09,12,45.267,50.895,50.216
bjfs,2019-09-10,12,40.817,42.845,42.250
bjfs,2019-09-11,12,35.953,41.379,40.781
bjfs,2019-09-12,12,42.513,48.932,48.197
bjfs,2019-09-13,12,24.675,22.389,22.039
bjfs,2019-09-14,12,20.251,23.026,22.654
bjfs,2019-09-15,12,18.644,17.752,17.454
bjfs,2019-09-16,12,17.331,26.996,26.526
bjfs,2019-09-17,12,17.007,12.149,11.930
bjfs,2019-09-18,12,11.567,17.468,17.143
bjfs,2019-09-19,12,22.914,28.221,27.677
bjfs,2019-09-20,12,26.235,29.729,29.136
bjfs,2019-09-21,12,23.632,29.369,28.764
bjfs,2019-09-23,12,16.970,18.882,18.467
bjfs,2019-09-24,12,19.200,24.915,24.351
bjfs,2019-09-25,12,13.690,19.878,19.414
bjfs,2019-09-27,12,18.083,23.766,23.178
bjfs,2019-09-28,12,20.385,23.484,22.886
bjfs,2019-09-29,12,21.433,24.978,24.324
bjfs,2019-09-30,12,24.317,27.140,26.409
bjfs,2019-10-01,12,24.213,26.581,26.518
bjfs,2019-10-02,12,22.809,22.509,22.439
bjfs,2019-10-03,12,22.988,26.395,26.292
bjfs,2019-10-04,12,16.072,21.817,21.715
bjfs,2019-10-05,12,10.539,14.084,14.007
bjfs,2019-10-08,12,9.342,11.058,10.971
bjfs,2019-10-09,12,20.398,18.276,18.118
bjfs,2019-10-10,12,20.349,17.422,17.257
bjfs,2019-10-11,12,18.986,21.281,21.062
bjfs,2019-10-12,12,18.977,22.367,22.118
bjfs,2019-10-13,12,13.566,15.716,15.528
bjfs,2019-10-14,12,6.019,11.035,10.894
bjfs,2019-10-15,12,11.157,16.760,16.532
bjfs,2019-10-16,12,15.911,20.089,19.798
bjfs,2019-10-17,12,18.363,20.147,19.839
bjfs,2019-10-18,12,16.422,17.760,17.473
bjfs,2019-10-20,12,8.521,8.608,8.454
bjfs,2019-10-22,12,15.944,15.491,15.188
bjfs,2019-10-23,12,19.679,17.550,17.192
bjfs,2019-10-24,12,6.379,6.757,6.613
bjfs,2019-10-25,12,6.228,7.361,7.198
bjfs,2019-10-26,12,9.242,5.719,5.587
bjfs,2019-10-27,12,9.517,3.526,3.442
bjfs,2019-10-28,12,5.089,3.801,3.707
bjfs,2019-10-29,12,9.112,7.241,7.056
bjfs,2019-10-30,12,8.340,4.378,4.263
bjfs,2019-10-31,12,9.490,8.193,7.970
bjfs,2019-11-01,12,17.426,21.343,21.195
bjfs,2019-11-02,12,22.382,21.035,20.870
bjfs,2019-11-03,12,18.322,18.299,18.139
bjfs,2019-11-04,12,14.893,12.078,11.963
bjfs,2019-11-05,12,15.072,13.833,13.688
bjfs,2019-11-06,12,16.994,14.312,14.151
bjfs,2019-11-07,12,6.929,7.714,7.620
bjfs,2019-11-08,12,10.942,6.623,6.537
bjfs,2019-11-09,12,21.971,18.450,18.195
bjfs,2019-11-10,12,7.904,3.486,3.435
bjfs,2019-11-11,12,9.063,7.850,7.729
bjfs,2019-11-12,12,12.396,9.445,9.290
bjfs,2019-11-13,12,3.924,4.830,4.747
bjfs,2019-11-14,12,6.988,2.250,2.210
bjfs,2019-11-15,12,10.144,8.139,7.986
bjfs,2019-11-16,12,11.278,11.815,11.584
bjfs,2019-11-17,12,2.615,2.144,2.101
bjfs,2019-11-18,12,2.397,2.822,2.762
bjfs,2019-11-20,12,6.582,7.684,7.509
bjfs,2019-11-21,12,13.295,10.533,10.285
bjfs,2019-11-22,12,18.302,16.370,15.973
bjfs,2019-11-23,12,14.415,10.944,10.670
bjfs,2019-11-24,12,2.526,6.727,6.553
bjfs,2019-11-25,12,2.873,4.946,4.814
bjfs,2019-11-26,12,4.848,6.612,6.432
bjfs,2019-11-27,12,3.463,8.132,7.905
bjfs,2019-11-28,12,6.571,10.056,9.767
bjfs,2019-11-29,12,13.107,15.920,15.453
bjfs,2019-11-30,12,3.378,4.267,4.139
bjfs,2019-12-01,12,3.483,3.827,3.792
bjfs,2019-12-02,12,4.612,3.590,3.555
bjfs,2019-12-03,12,5.380,4.898,4.846
bjfs,2019-12-04,12,5.409,6.325,6.255
bjfs,2019-12-05,12,3.108,9.310,9.201
bjfs,2019-12-06,12,4.979,5.842,5.770
bjfs,2019-12-07,12,4.296,5.515,5.443
bjfs,2019-12-08,12,6.937,5.251,5.180
bjfs,2019-12-09,12,6.898,4.702,4.635
bjfs,2019-12-10,12,3.725,2.623,2.584
shao,2019-01-01,0,8.269,13.404,13.333
shao,2019-01-02,0,15.126,18.685,18.582
shao,2019-01-03,0,13.242,16.437,16.344
shao,2019-01-06,0,9.959,11.484,11.414
shao,2019-01-07,0,11.927,17.853,17.742
shao,2019-01-08,0,11.596,15.042,14.946
shao,2019-01-09,0,21.811,25.008,24.846
shao,2019-01-10,0,21.606,24.375,24.215
shao,2019-01-11,0,25.140,25.414,25.245
shao,2019-01-13,0,6.633,9.155,9.093
shao,2019-01-14,0,13.388,13.279,13.189
shao,2019-01-15,0,17.184,18.327,18.201
shao,2019-01-16,0,10.316,12.419,12.333
shao,2019-01-17,0,4.618,7.041,6.992
shao,2019-01-18,0,4.551,5.731,5.692
shao,2019-01-19,0,15.271,15.246,15.141
shao,2019-01-20,0,11.250,11.723,11.643
shao,2019-01-21,0,5.628,7.924,7.869
shao,2019-01-22,0,6.558,4.851,4.818
shao,2019-01-23,0,4.097,2.543,2.525
shao,2019-01-24,0,3.176,3.450,3.427
shao,2019-01-25,0,6.605,9.284,9.222
shao,2019-01-26,0,4.884,8.490,8.434
shao,2019-01-27,0,6.537,7.772,7.721
shao,2019-01-28,0,14.470,15.767,15.666
shao,2019-01-29,0,16.493,19.040,18.920
shao,2019-01-30,0,24.200,25.880,25.720
shao,2019-01-31,0,23.401,19.581,19.462
shao,2019-02-02,0,17.225,15.926,15.789
shao,2019-02-03,0,27.466,22.280,22.092
shao,2019-02-04,0,8.832,10.951,10.860
shao,2019-02-05,0,16.571,17.582,17.439
shao,2019-02-06,0,14.975,9.651,9.575
shao,2019-02-07,0,25.790,23.971,23.786
shao,2019-02-08,0,17.248,19.021,18.878
shao,2019-02-09,0,16.497,18.803,18.666
shao,2019-02-10,0,20.140,22.462,22.303
shao,2019-02-11,0,11.960,17.798,17.677
shao,2019-02-13,0,13.573,17.593,17.482
shao,2019-02-14,0,14.527,18.100,17.989
shao,2019-02-15,0,23.270,26.355,26.201
shao,2019-02-16,0,15.964,20.777,20.661
shao,2019-02-17,0,10.317,13.922,13.848
shao,2019-02-18,0,25.554,27.945,27.805
shao,2019-02-19,0,21.880,18.524,18.436
shao,2019-02-20,0,23.957,28.147,28.022
shao,2019-02-21,0,18.498,23.561,23.465
shao,2019-02-22,0,19.338,17.593,17.526
shao,2019-02-23,0,9.714,11.360,11.321
shao,2019-02-24,0,4.847,7.989,7.964
shao,2019-02-25,0,10.726,14.398,14.357
shao,2019-02-26,0,7.438,11.734,11.705
shao,2019-02-27,0,17.621,23.020,22.971
shao,2019-02-28,0,16.058,17.808,17.776
shao,2019-03-01,0,15.587,20.658,20.331
shao,2019-03-02,0,23.795,27.036,26.618
shao,2019-03-03,0,19.002,19.118,18.829
shao,2019-03-04,0,10.777,9.371,9.233
shao,2019-03-05,0,13.536,17.885,17.629
shao,2019-03-06,0,19.874,19.278,19.009
shao,2019-03-07,0,7.404,9.931,9.796
shao,2019-03-08,0,6.770,9.513,9.388
shao,2019-03-09,0,25.135,26.012,25.680
shao,2019-03-10,0,17.224,17.243,17.030
shao,2019-03-12,0,7.155,7.063,6.981
shao,2019-03-13,0,6.370,10.474,10.358
shao,2019-03-14,0,17.303,21.501,21.271
shao,2019-03-15,0,10.264,10.713,10.602
shao,2019-03-16,0,5.190,7.602,7.527
shao,2019-03-17,0,7.048,7.768,7.695
shao,2019-03-18,0,20.797,23.199,22.990
shao,2019-03-19,0,10.187,9.337,9.257
shao,2019-01-01,12,6.948,12.787,12.718
shao,2019-01-02,12,14.008,21.260,21.141
shao,2019-01-03,12,11.558,16.936,16.839
shao,2019-01-06,12,9.498,11.416,11.346
shao,2019-01-07,12,17.594,18.678,18.561
shao,2019-01-08,12,15.058,20.927,20.793
shao,2019-01-09,12,25.216,27.513,27.334
shao,2019-01-10,12,25.033,27.352,27.171
shao,2019-01-11,12,24.389,21.074,20.933
shao,2019-01-13,12,8.530,9.238,9.175
shao,2019-01-14,12,18.088,21.096,20.951
shao,2019-01-15,12,14.883,16.679,16.564
shao,2019-01-16,12,11.408,12.407,12.321
shao,2019-01-17,12,5.154,5.837,5.796
shao,2019-01-18,12,5.946,4.668,4.636
shao,2019-01-19,12,20.072,19.057,18.926
shao,2019-01-20,12,7.294,8.822,8.762
shao,2019-01-21,12,7.654,6.367,6.324
shao,2019-01-22,12,2.756,1.812,1.800
shao,2019-01-23,12,3.788,3.134,3.113
shao,2019-01-24,12,4.539,2.023,2.009
shao,2019-01-25,12,12.135,14.439,14.343
shao,2019-01-26,12,5.754,8.614,8.557
shao,2019-01-27,12,6.532,8.221,8.168
shao,2019-01-28,12,19.198,20.299,20.170
shao,2019-01-29,12,21.406,21.113,20.982
shao,2019-01-30,12,24.336,22.653,22.514
shao,2019-01-31,12,8.433,11.151,11.084
shao,2019-02-02,12,26.682,19.525,19.359
shao,2019-02-03,12,19.467,17.977,17.827
shao,2019-02-04,12,14.216,15.272,15.147
shao,2019-02-05,12,17.506,14.628,14.511
shao,2019-02-06,12,15.756,11.538,11.448
shao,2019-02-07,12,14.095,17.452,17.319
shao,2019-02-08,12,18.152,22.426,22.260
shao,2019-02-09,12,18.704,20.775,20.626
shao,2019-02-10,12,15.770,19.208,19.074
shao,2019-02-11,12,11.489,14.240,14.144
shao,2019-02-12,12,23.166,26.733,26.559
shao,2019-02-13,12,21.804,26.255,26.091
shao,2019-02-14,12,15.687,19.867,19.749
shao,2019-02-15,12,22.437,24.499,24.359
shao,2019-02-16,12,13.624,16.337,16.249
shao,2019-02-17,12,17.990,22.052,21.939
shao,2019-02-18,12,31.378,29.167,29.025
shao,2019-02-19,12,20.401,23.450,23.343
shao,2019-02-20,12,22.724,25.470,25.361
shao,2019-02-21,12,23.218,24.229,24.133
shao,2019-02-22,12,12.279,12.615,12.569
shao,2019-02-23,12,11.858,15.878,15.826
shao,2019-02-24,12,13.766,14.544,14.500
shao,2019-02-25,12,9.639,9.995,9.968
shao,2019-02-26,12,21.108,22.665,22.613
shao,2019-02-27,12,21.399,19.758,19.719
shao,2019-02-28,12,14.533,13.356,13.335
shao,2019-03-01,12,19.535,22.027,21.683
shao,2019-03-02,12,21.702,21.570,21.240
shao,2019-03-03,12,13.088,9.827,9.681
shao,2019-03-04,12,10.983,8.852,8.723
shao,2019-03-05,12,24.675,24.369,24.024
shao,2019-03-06,12,11.558,12.109,11.942
shao,2019-03-07,12,6.084,7.682,7.580
shao,2019-03-08,12,12.178,13.379,13.205
shao,2019-03-09,12,24.508,20.835,20.573
shao,2019-03-10,12,10.033,9.275,9.162
shao,2019-03-11,12,6.664,4.530,4.476
shao,2019-03-12,12,8.233,7.944,7.853
shao,2019-03-13,12,10.092,12.865,12.724
shao,2019-03-14,12,9.444,10.059,9.953
shao,2019-03-15,12,5.785,6.230,6.167
shao,2019-03-16,12,7.693,9.458,9.366
shao,2019-03-17,12,11.865,11.168,11.065
shao,2019-03-18,12,18.569,16.074,15.932
shao,2019-03-19,12,7.029,9.104,9.028
